2024-07-09 00:00:31,606 WARN c.z.h.p.HikariPool$HouseKeeper [HikariPool-3 housekeeper] HikariPool-3 - Thread starvation or clock leap detected (housekeeper delta=5m53s722ms166µs843ns).
2024-07-09 00:02:24,084 WARN c.z.h.p.HikariPool$HouseKeeper [HikariPool-3 housekeeper] HikariPool-3 - Thread starvation or clock leap detected (housekeeper delta=1m21s510ms380µs965ns).
2024-07-09 00:02:24,137 INFO v.u.a.s.JwtAuthorizationTokenFilter [http-nio-8080-exec-8] authorizated user 'admin@recruit.service.com', setting security context
2024-07-09 00:02:27,925 INFO o.s.o.j.AbstractEntityManagerFactoryBean [SpringApplicationShutdownHook] Closing JPA EntityManagerFactory for persistence unit 'default'
2024-07-09 00:02:27,925 INFO c.z.h.HikariDataSource [SpringApplicationShutdownHook] HikariPool-3 - Shutdown initiated...
2024-07-09 00:02:27,926 INFO c.z.h.HikariDataSource [SpringApplicationShutdownHook] HikariPool-3 - Shutdown completed.
2024-07-09 00:02:30,301 INFO o.h.v.i.u.Version [background-preinit] HV000001: Hibernate Validator 8.0.1.Final
2024-07-09 00:02:30,327 INFO o.s.b.StartupInfoLogger [restartedMain] Starting RecruitmentServiceApplication using Java 17.0.11 with PID 19986 (/home/lamgnaoh/Workspace/project/recruitment-service/target/classes started by lamgnaoh in /home/lamgnaoh/Workspace/project/recruitment-service)
2024-07-09 00:02:30,328 INFO o.s.b.SpringApplication [restartedMain] The following 1 profile is active: "dev"
2024-07-09 00:02:30,365 INFO o.s.b.l.DeferredLog [restartedMain] Devtools property defaults active! Set 'spring.devtools.add-properties' to 'false' to disable
2024-07-09 00:02:30,365 INFO o.s.b.l.DeferredLog [restartedMain] For additional web related logging consider setting the 'logging.level.web' property to 'DEBUG'
2024-07-09 00:02:30,961 INFO o.s.d.r.c.RepositoryConfigurationDelegate [restartedMain] Multiple Spring Data modules found, entering strict repository configuration mode
2024-07-09 00:02:30,962 INFO o.s.d.r.c.RepositoryConfigurationDelegate [restartedMain] Bootstrapping Spring Data JPA repositories in DEFAULT mode.
2024-07-09 00:02:31,075 INFO o.s.d.r.c.RepositoryConfigurationDelegate [restartedMain] Finished Spring Data repository scanning in 107 ms. Found 7 JPA repository interfaces.
2024-07-09 00:02:31,086 INFO o.s.d.r.c.RepositoryConfigurationDelegate [restartedMain] Multiple Spring Data modules found, entering strict repository configuration mode
2024-07-09 00:02:31,087 INFO o.s.d.r.c.RepositoryConfigurationDelegate [restartedMain] Bootstrapping Spring Data Redis repositories in DEFAULT mode.
2024-07-09 00:02:31,099 INFO o.s.d.r.c.RepositoryConfigurationExtensionSupport [restartedMain] Spring Data Redis - Could not safely identify store assignment for repository candidate interface vn.unigap.api.repository.EmployerRepository; If you want this repository to be a Redis repository, consider annotating your entities with one of these annotations: org.springframework.data.redis.core.RedisHash (preferred), or consider extending one of the following types with your repository: org.springframework.data.keyvalue.repository.KeyValueRepository
2024-07-09 00:02:31,099 INFO o.s.d.r.c.RepositoryConfigurationExtensionSupport [restartedMain] Spring Data Redis - Could not safely identify store assignment for repository candidate interface vn.unigap.api.repository.JobFieldRepository; If you want this repository to be a Redis repository, consider annotating your entities with one of these annotations: org.springframework.data.redis.core.RedisHash (preferred), or consider extending one of the following types with your repository: org.springframework.data.keyvalue.repository.KeyValueRepository
2024-07-09 00:02:31,099 INFO o.s.d.r.c.RepositoryConfigurationExtensionSupport [restartedMain] Spring Data Redis - Could not safely identify store assignment for repository candidate interface vn.unigap.api.repository.JobReposiroty; If you want this repository to be a Redis repository, consider annotating your entities with one of these annotations: org.springframework.data.redis.core.RedisHash (preferred), or consider extending one of the following types with your repository: org.springframework.data.keyvalue.repository.KeyValueRepository
2024-07-09 00:02:31,100 INFO o.s.d.r.c.RepositoryConfigurationExtensionSupport [restartedMain] Spring Data Redis - Could not safely identify store assignment for repository candidate interface vn.unigap.api.repository.ProvinceRepository; If you want this repository to be a Redis repository, consider annotating your entities with one of these annotations: org.springframework.data.redis.core.RedisHash (preferred), or consider extending one of the following types with your repository: org.springframework.data.keyvalue.repository.KeyValueRepository
2024-07-09 00:02:31,100 INFO o.s.d.r.c.RepositoryConfigurationExtensionSupport [restartedMain] Spring Data Redis - Could not safely identify store assignment for repository candidate interface vn.unigap.api.repository.ResumeRepository; If you want this repository to be a Redis repository, consider annotating your entities with one of these annotations: org.springframework.data.redis.core.RedisHash (preferred), or consider extending one of the following types with your repository: org.springframework.data.keyvalue.repository.KeyValueRepository
2024-07-09 00:02:31,100 INFO o.s.d.r.c.RepositoryConfigurationExtensionSupport [restartedMain] Spring Data Redis - Could not safely identify store assignment for repository candidate interface vn.unigap.api.repository.SeekerRepository; If you want this repository to be a Redis repository, consider annotating your entities with one of these annotations: org.springframework.data.redis.core.RedisHash (preferred), or consider extending one of the following types with your repository: org.springframework.data.keyvalue.repository.KeyValueRepository
2024-07-09 00:02:31,100 INFO o.s.d.r.c.RepositoryConfigurationExtensionSupport [restartedMain] Spring Data Redis - Could not safely identify store assignment for repository candidate interface vn.unigap.api.repository.UserRepository; If you want this repository to be a Redis repository, consider annotating your entities with one of these annotations: org.springframework.data.redis.core.RedisHash (preferred), or consider extending one of the following types with your repository: org.springframework.data.keyvalue.repository.KeyValueRepository
2024-07-09 00:02:31,100 INFO o.s.d.r.c.RepositoryConfigurationDelegate [restartedMain] Finished Spring Data repository scanning in 6 ms. Found 0 Redis repository interfaces.
2024-07-09 00:02:31,543 INFO o.s.b.w.e.t.TomcatWebServer [restartedMain] Tomcat initialized with port 8080 (http)
2024-07-09 00:02:31,549 INFO o.a.j.l.DirectJDKLog [restartedMain] Initializing ProtocolHandler ["http-nio-8080"]
2024-07-09 00:02:31,550 INFO o.a.j.l.DirectJDKLog [restartedMain] Starting service [Tomcat]
2024-07-09 00:02:31,550 INFO o.a.j.l.DirectJDKLog [restartedMain] Starting Servlet engine: [Apache Tomcat/10.1.20]
2024-07-09 00:02:31,577 INFO o.a.j.l.DirectJDKLog [restartedMain] Initializing Spring embedded WebApplicationContext
2024-07-09 00:02:31,578 INFO o.s.b.w.s.c.ServletWebServerApplicationContext [restartedMain] Root WebApplicationContext: initialization completed in 1213 ms
2024-07-09 00:02:31,815 INFO o.h.j.i.u.LogHelper [restartedMain] HHH000204: Processing PersistenceUnitInfo [name: default]
2024-07-09 00:02:31,863 INFO o.h.Version [restartedMain] HHH000412: Hibernate ORM core version 6.4.4.Final
2024-07-09 00:02:31,893 INFO o.h.c.i.RegionFactoryInitiator [restartedMain] HHH000026: Second-level cache disabled
2024-07-09 00:02:32,061 INFO o.s.o.j.p.SpringPersistenceUnitInfo [restartedMain] No LoadTimeWeaver setup: ignoring JPA class transformer
2024-07-09 00:02:32,080 INFO c.z.h.HikariDataSource [restartedMain] HikariPool-1 - Starting...
2024-07-09 00:02:32,180 INFO c.z.h.p.HikariPool [restartedMain] HikariPool-1 - Added connection com.mysql.cj.jdbc.ConnectionImpl@7cf6b011
2024-07-09 00:02:32,181 INFO c.z.h.HikariDataSource [restartedMain] HikariPool-1 - Start completed.
2024-07-09 00:02:32,210 WARN o.h.e.j.d.i.DialectFactoryImpl [restartedMain] HHH90000025: MySQL8Dialect does not need to be specified explicitly using 'hibernate.dialect' (remove the property setting and it will be selected by default)
2024-07-09 00:02:32,211 WARN o.h.e.j.d.i.DialectFactoryImpl [restartedMain] HHH90000026: MySQL8Dialect has been deprecated; use org.hibernate.dialect.MySQLDialect instead
2024-07-09 00:02:32,946 INFO o.h.e.t.j.p.i.JtaPlatformInitiator [restartedMain] HHH000489: No JTA platform available (set 'hibernate.transaction.jta.platform' to enable JTA platform integration)
2024-07-09 00:02:32,949 INFO o.s.o.j.AbstractEntityManagerFactoryBean [restartedMain] Initialized JPA EntityManagerFactory for persistence unit 'default'
2024-07-09 00:02:33,424 WARN o.s.b.a.o.j.JpaBaseConfiguration$JpaWebConfiguration [restartedMain] spring.jpa.open-in-view is enabled by default. Therefore, database queries may be performed during view rendering. Explicitly configure spring.jpa.open-in-view to disable this warning
2024-07-09 00:02:33,827 INFO o.s.s.w.DefaultSecurityFilterChain [restartedMain] Will secure any request with [org.springframework.security.web.session.DisableEncodeUrlFilter@7f1b945c, org.springframework.security.web.context.request.async.WebAsyncManagerIntegrationFilter@136fb9a7, org.springframework.security.web.context.SecurityContextHolderFilter@6e935e67, org.springframework.security.web.header.HeaderWriterFilter@33cfcf62, org.springframework.web.filter.CorsFilter@15432c4d, org.springframework.security.web.authentication.logout.LogoutFilter@430a6f60, vn.unigap.api.security.JwtAuthorizationTokenFilter@6b06883, org.springframework.security.oauth2.server.resource.web.authentication.BearerTokenAuthenticationFilter@39c7edba, org.springframework.security.web.savedrequest.RequestCacheAwareFilter@86def8, org.springframework.security.web.servletapi.SecurityContextHolderAwareRequestFilter@22d2bb19, org.springframework.security.web.authentication.AnonymousAuthenticationFilter@798325de, org.springframework.security.web.access.ExceptionTranslationFilter@2e8e432d, org.springframework.security.web.access.intercept.AuthorizationFilter@4c29e046]
2024-07-09 00:02:34,189 INFO o.s.b.d.a.OptionalLiveReloadServer [restartedMain] LiveReload server is running on port 35729
2024-07-09 00:02:34,210 INFO o.a.j.l.DirectJDKLog [restartedMain] Starting ProtocolHandler ["http-nio-8080"]
2024-07-09 00:02:34,221 INFO o.s.b.w.e.t.TomcatWebServer [restartedMain] Tomcat started on port 8080 (http) with context path ''
2024-07-09 00:02:34,230 INFO o.s.b.StartupInfoLogger [restartedMain] Started RecruitmentServiceApplication in 4.272 seconds (process running for 5.356)
2024-07-09 00:02:38,273 INFO o.a.j.l.DirectJDKLog [http-nio-8080-exec-2] Initializing Spring DispatcherServlet 'dispatcherServlet'
2024-07-09 00:02:38,273 INFO o.s.w.s.FrameworkServlet [http-nio-8080-exec-2] Initializing Servlet 'dispatcherServlet'
2024-07-09 00:02:38,275 INFO o.s.w.s.FrameworkServlet [http-nio-8080-exec-2] Completed initialization in 0 ms
2024-07-09 00:02:53,345 INFO v.u.a.s.JwtAuthorizationTokenFilter [http-nio-8080-exec-2] authorizated user 'admin@recruit.service.com', setting security context
2024-07-09 00:13:28,738 WARN c.z.h.p.HikariPool$HouseKeeper [HikariPool-1 housekeeper] HikariPool-1 - Thread starvation or clock leap detected (housekeeper delta=10m56s455ms983µs464ns).
2024-07-09 00:13:30,151 INFO o.s.b.d.a.LocalDevToolsAutoConfiguration$RestartingClassPathChangeChangedEventListener [File Watcher] Restarting due to 94 class path changes (0 additions, 0 deletions, 94 modifications)
2024-07-09 00:13:30,154 INFO o.a.j.l.DirectJDKLog [Thread-5] Stopping ProtocolHandler ["http-nio-8080"]
2024-07-09 00:13:34,488 ERROR o.a.j.l.DirectJDKLog [http-nio-8080-exec-2] Servlet.service() for servlet [dispatcherServlet] in context with path [] threw exception [Request processing failed: org.springframework.data.redis.RedisConnectionFailureException: Unable to connect to Redis] with root cause
java.lang.InterruptedException: null
	at java.base/java.util.concurrent.CompletableFuture.reportGet(CompletableFuture.java:386)
	at java.base/java.util.concurrent.CompletableFuture.get(CompletableFuture.java:2073)
	at io.lettuce.core.DefaultConnectionFuture.get(DefaultConnectionFuture.java:69)
	at io.lettuce.core.AbstractRedisClient.getConnection(AbstractRedisClient.java:345)
	at io.lettuce.core.RedisClient.connect(RedisClient.java:215)
	at org.springframework.data.redis.connection.lettuce.StandaloneConnectionProvider.lambda$getConnection$1(StandaloneConnectionProvider.java:112)
	at java.base/java.util.Optional.orElseGet(Optional.java:364)
	at org.springframework.data.redis.connection.lettuce.StandaloneConnectionProvider.getConnection(StandaloneConnectionProvider.java:112)
	at org.springframework.data.redis.connection.lettuce.LettuceConnectionFactory$ExceptionTranslatingConnectionProvider.getConnection(LettuceConnectionFactory.java:1724)
	at org.springframework.data.redis.connection.lettuce.LettuceConnectionFactory$SharedConnection.getNativeConnection(LettuceConnectionFactory.java:1528)
	at org.springframework.data.redis.connection.lettuce.LettuceConnectionFactory$SharedConnection.lambda$getConnection$0(LettuceConnectionFactory.java:1508)
	at org.springframework.data.redis.connection.lettuce.LettuceConnectionFactory.doInLock(LettuceConnectionFactory.java:1469)
	at org.springframework.data.redis.connection.lettuce.LettuceConnectionFactory$SharedConnection.getConnection(LettuceConnectionFactory.java:1505)
	at org.springframework.data.redis.connection.lettuce.LettuceConnectionFactory.getSharedConnection(LettuceConnectionFactory.java:1191)
	at org.springframework.data.redis.connection.lettuce.LettuceConnectionFactory.getConnection(LettuceConnectionFactory.java:997)
	at org.springframework.data.redis.cache.DefaultRedisCacheWriter.execute(DefaultRedisCacheWriter.java:346)
	at org.springframework.data.redis.cache.DefaultRedisCacheWriter.get(DefaultRedisCacheWriter.java:140)
	at org.springframework.data.redis.cache.DefaultRedisCacheWriter.get(DefaultRedisCacheWriter.java:129)
	at org.springframework.data.redis.cache.RedisCache.lookup(RedisCache.java:207)
	at org.springframework.cache.support.AbstractValueAdaptingCache.get(AbstractValueAdaptingCache.java:58)
	at org.springframework.cache.interceptor.AbstractCacheInvoker.doGet(AbstractCacheInvoker.java:73)
	at org.springframework.cache.interceptor.CacheAspectSupport.findInCaches(CacheAspectSupport.java:518)
	at org.springframework.cache.interceptor.CacheAspectSupport.findCachedValue(CacheAspectSupport.java:481)
	at org.springframework.cache.interceptor.CacheAspectSupport.execute(CacheAspectSupport.java:431)
	at org.springframework.cache.interceptor.CacheAspectSupport.execute(CacheAspectSupport.java:395)
	at org.springframework.cache.interceptor.CacheInterceptor.invoke(CacheInterceptor.java:74)
	at org.springframework.aop.framework.ReflectiveMethodInvocation.proceed(ReflectiveMethodInvocation.java:184)
	at org.springframework.aop.framework.JdkDynamicAopProxy.invoke(JdkDynamicAopProxy.java:223)
	at jdk.proxy4/jdk.proxy4.$Proxy155.findById(Unknown Source)
	at vn.unigap.api.service.impl.EmployerServiceImpl.lambda$getAll$6(EmployerServiceImpl.java:89)
	at java.base/java.util.stream.ReferencePipeline$3$1.accept(ReferencePipeline.java:197)
	at java.base/java.util.ArrayList$ArrayListSpliterator.forEachRemaining(ArrayList.java:1625)
	at java.base/java.util.stream.AbstractPipeline.copyInto(AbstractPipeline.java:509)
	at java.base/java.util.stream.AbstractPipeline.wrapAndCopyInto(AbstractPipeline.java:499)
	at java.base/java.util.stream.AbstractPipeline.evaluate(AbstractPipeline.java:575)
	at java.base/java.util.stream.AbstractPipeline.evaluateToArrayNode(AbstractPipeline.java:260)
	at java.base/java.util.stream.ReferencePipeline.toArray(ReferencePipeline.java:616)
	at java.base/java.util.stream.ReferencePipeline.toArray(ReferencePipeline.java:622)
	at java.base/java.util.stream.ReferencePipeline.toList(ReferencePipeline.java:627)
	at vn.unigap.api.service.impl.EmployerServiceImpl.getAll(EmployerServiceImpl.java:92)
	at vn.unigap.api.controller.EmployerController.getAll(EmployerController.java:41)
	at java.base/jdk.internal.reflect.NativeMethodAccessorImpl.invoke0(Native Method)
	at java.base/jdk.internal.reflect.NativeMethodAccessorImpl.invoke(NativeMethodAccessorImpl.java:77)
	at java.base/jdk.internal.reflect.DelegatingMethodAccessorImpl.invoke(DelegatingMethodAccessorImpl.java:43)
	at java.base/java.lang.reflect.Method.invoke(Method.java:568)
	at org.springframework.web.method.support.InvocableHandlerMethod.doInvoke(InvocableHandlerMethod.java:255)
	at org.springframework.web.method.support.InvocableHandlerMethod.invokeForRequest(InvocableHandlerMethod.java:188)
	at org.springframework.web.servlet.mvc.method.annotation.ServletInvocableHandlerMethod.invokeAndHandle(ServletInvocableHandlerMethod.java:118)
	at org.springframework.web.servlet.mvc.method.annotation.RequestMappingHandlerAdapter.invokeHandlerMethod(RequestMappingHandlerAdapter.java:926)
	at org.springframework.web.servlet.mvc.method.annotation.RequestMappingHandlerAdapter.handleInternal(RequestMappingHandlerAdapter.java:831)
	at org.springframework.web.servlet.mvc.method.AbstractHandlerMethodAdapter.handle(AbstractHandlerMethodAdapter.java:87)
	at org.springframework.web.servlet.DispatcherServlet.doDispatch(DispatcherServlet.java:1089)
	at org.springframework.web.servlet.DispatcherServlet.doService(DispatcherServlet.java:979)
	at org.springframework.web.servlet.FrameworkServlet.processRequest(FrameworkServlet.java:1014)
	at org.springframework.web.servlet.FrameworkServlet.doGet(FrameworkServlet.java:903)
	at jakarta.servlet.http.HttpServlet.service(HttpServlet.java:564)
	at org.springframework.web.servlet.FrameworkServlet.service(FrameworkServlet.java:885)
	at jakarta.servlet.http.HttpServlet.service(HttpServlet.java:658)
	at org.apache.catalina.core.ApplicationFilterChain.internalDoFilter(ApplicationFilterChain.java:206)
	at org.apache.catalina.core.ApplicationFilterChain.doFilter(ApplicationFilterChain.java:150)
	at org.apache.tomcat.websocket.server.WsFilter.doFilter(WsFilter.java:51)
	at org.apache.catalina.core.ApplicationFilterChain.internalDoFilter(ApplicationFilterChain.java:175)
	at org.apache.catalina.core.ApplicationFilterChain.doFilter(ApplicationFilterChain.java:150)
	at org.springframework.web.filter.OncePerRequestFilter.doFilter(OncePerRequestFilter.java:110)
	at org.apache.catalina.core.ApplicationFilterChain.internalDoFilter(ApplicationFilterChain.java:175)
	at org.apache.catalina.core.ApplicationFilterChain.doFilter(ApplicationFilterChain.java:150)
	at org.springframework.web.filter.CompositeFilter$VirtualFilterChain.doFilter(CompositeFilter.java:108)
	at org.springframework.security.web.FilterChainProxy.lambda$doFilterInternal$3(FilterChainProxy.java:231)
	at org.springframework.security.web.FilterChainProxy$VirtualFilterChain.doFilter(FilterChainProxy.java:365)
	at org.springframework.security.web.access.intercept.AuthorizationFilter.doFilter(AuthorizationFilter.java:100)
	at org.springframework.security.web.FilterChainProxy$VirtualFilterChain.doFilter(FilterChainProxy.java:374)
	at org.springframework.security.web.access.ExceptionTranslationFilter.doFilter(ExceptionTranslationFilter.java:126)
	at org.springframework.security.web.access.ExceptionTranslationFilter.doFilter(ExceptionTranslationFilter.java:120)
	at org.springframework.security.web.FilterChainProxy$VirtualFilterChain.doFilter(FilterChainProxy.java:374)
	at org.springframework.security.web.authentication.AnonymousAuthenticationFilter.doFilter(AnonymousAuthenticationFilter.java:100)
	at org.springframework.security.web.FilterChainProxy$VirtualFilterChain.doFilter(FilterChainProxy.java:374)
	at org.springframework.security.web.servletapi.SecurityContextHolderAwareRequestFilter.doFilter(SecurityContextHolderAwareRequestFilter.java:179)
	at org.springframework.security.web.FilterChainProxy$VirtualFilterChain.doFilter(FilterChainProxy.java:374)
	at org.springframework.security.web.savedrequest.RequestCacheAwareFilter.doFilter(RequestCacheAwareFilter.java:63)
	at org.springframework.security.web.FilterChainProxy$VirtualFilterChain.doFilter(FilterChainProxy.java:374)
	at org.springframework.security.oauth2.server.resource.web.authentication.BearerTokenAuthenticationFilter.doFilterInternal(BearerTokenAuthenticationFilter.java:145)
	at org.springframework.web.filter.OncePerRequestFilter.doFilter(OncePerRequestFilter.java:116)
	at org.springframework.security.web.FilterChainProxy$VirtualFilterChain.doFilter(FilterChainProxy.java:374)
	at vn.unigap.api.security.JwtAuthorizationTokenFilter.doFilterInternal(JwtAuthorizationTokenFilter.java:77)
	at org.springframework.web.filter.OncePerRequestFilter.doFilter(OncePerRequestFilter.java:116)
	at org.springframework.security.web.FilterChainProxy$VirtualFilterChain.doFilter(FilterChainProxy.java:374)
	at org.springframework.security.web.authentication.logout.LogoutFilter.doFilter(LogoutFilter.java:107)
	at org.springframework.security.web.authentication.logout.LogoutFilter.doFilter(LogoutFilter.java:93)
	at org.springframework.security.web.FilterChainProxy$VirtualFilterChain.doFilter(FilterChainProxy.java:374)
	at org.springframework.web.filter.CorsFilter.doFilterInternal(CorsFilter.java:91)
	at org.springframework.web.filter.OncePerRequestFilter.doFilter(OncePerRequestFilter.java:116)
	at org.springframework.security.web.FilterChainProxy$VirtualFilterChain.doFilter(FilterChainProxy.java:374)
	at org.springframework.security.web.header.HeaderWriterFilter.doHeadersAfter(HeaderWriterFilter.java:90)
	at org.springframework.security.web.header.HeaderWriterFilter.doFilterInternal(HeaderWriterFilter.java:75)
	at org.springframework.web.filter.OncePerRequestFilter.doFilter(OncePerRequestFilter.java:116)
	at org.springframework.security.web.FilterChainProxy$VirtualFilterChain.doFilter(FilterChainProxy.java:374)
	at org.springframework.security.web.context.SecurityContextHolderFilter.doFilter(SecurityContextHolderFilter.java:82)
	at org.springframework.security.web.context.SecurityContextHolderFilter.doFilter(SecurityContextHolderFilter.java:69)
	at org.springframework.security.web.FilterChainProxy$VirtualFilterChain.doFilter(FilterChainProxy.java:374)
	at org.springframework.security.web.context.request.async.WebAsyncManagerIntegrationFilter.doFilterInternal(WebAsyncManagerIntegrationFilter.java:62)
	at org.springframework.web.filter.OncePerRequestFilter.doFilter(OncePerRequestFilter.java:116)
	at org.springframework.security.web.FilterChainProxy$VirtualFilterChain.doFilter(FilterChainProxy.java:374)
	at org.springframework.security.web.session.DisableEncodeUrlFilter.doFilterInternal(DisableEncodeUrlFilter.java:42)
	at org.springframework.web.filter.OncePerRequestFilter.doFilter(OncePerRequestFilter.java:116)
	at org.springframework.security.web.FilterChainProxy$VirtualFilterChain.doFilter(FilterChainProxy.java:374)
	at org.springframework.security.web.FilterChainProxy.doFilterInternal(FilterChainProxy.java:233)
	at org.springframework.security.web.FilterChainProxy.doFilter(FilterChainProxy.java:191)
	at org.springframework.web.filter.CompositeFilter$VirtualFilterChain.doFilter(CompositeFilter.java:113)
	at org.springframework.web.servlet.handler.HandlerMappingIntrospector.lambda$createCacheFilter$3(HandlerMappingIntrospector.java:195)
	at org.springframework.web.filter.CompositeFilter$VirtualFilterChain.doFilter(CompositeFilter.java:113)
	at org.springframework.web.filter.CompositeFilter.doFilter(CompositeFilter.java:74)
	at org.springframework.security.config.annotation.web.configuration.WebMvcSecurityConfiguration$CompositeFilterChainProxy.doFilter(WebMvcSecurityConfiguration.java:230)
	at org.springframework.web.filter.DelegatingFilterProxy.invokeDelegate(DelegatingFilterProxy.java:352)
	at org.springframework.web.filter.DelegatingFilterProxy.doFilter(DelegatingFilterProxy.java:268)
	at org.apache.catalina.core.ApplicationFilterChain.internalDoFilter(ApplicationFilterChain.java:175)
	at org.apache.catalina.core.ApplicationFilterChain.doFilter(ApplicationFilterChain.java:150)
	at org.springframework.web.filter.RequestContextFilter.doFilterInternal(RequestContextFilter.java:100)
	at org.springframework.web.filter.OncePerRequestFilter.doFilter(OncePerRequestFilter.java:116)
	at org.apache.catalina.core.ApplicationFilterChain.internalDoFilter(ApplicationFilterChain.java:175)
	at org.apache.catalina.core.ApplicationFilterChain.doFilter(ApplicationFilterChain.java:150)
	at org.springframework.web.filter.FormContentFilter.doFilterInternal(FormContentFilter.java:93)
	at org.springframework.web.filter.OncePerRequestFilter.doFilter(OncePerRequestFilter.java:116)
	at org.apache.catalina.core.ApplicationFilterChain.internalDoFilter(ApplicationFilterChain.java:175)
	at org.apache.catalina.core.ApplicationFilterChain.doFilter(ApplicationFilterChain.java:150)
	at org.springframework.web.filter.CharacterEncodingFilter.doFilterInternal(CharacterEncodingFilter.java:201)
	at org.springframework.web.filter.OncePerRequestFilter.doFilter(OncePerRequestFilter.java:116)
	at org.apache.catalina.core.ApplicationFilterChain.internalDoFilter(ApplicationFilterChain.java:175)
	at org.apache.catalina.core.ApplicationFilterChain.doFilter(ApplicationFilterChain.java:150)
	at org.apache.catalina.core.StandardWrapperValve.invoke(StandardWrapperValve.java:167)
	at org.apache.catalina.core.StandardContextValve.invoke(StandardContextValve.java:90)
	at org.apache.catalina.authenticator.AuthenticatorBase.invoke(AuthenticatorBase.java:482)
	at org.apache.catalina.core.StandardHostValve.invoke(StandardHostValve.java:115)
	at org.apache.catalina.valves.ErrorReportValve.invoke(ErrorReportValve.java:93)
	at org.apache.catalina.core.StandardEngineValve.invoke(StandardEngineValve.java:74)
	at org.apache.catalina.connector.CoyoteAdapter.service(CoyoteAdapter.java:344)
	at org.apache.coyote.http11.Http11Processor.service(Http11Processor.java:391)
	at org.apache.coyote.AbstractProcessorLight.process(AbstractProcessorLight.java:63)
	at org.apache.coyote.AbstractProtocol$ConnectionHandler.process(AbstractProtocol.java:896)
	at org.apache.tomcat.util.net.NioEndpoint$SocketProcessor.doRun(NioEndpoint.java:1736)
	at org.apache.tomcat.util.net.SocketProcessorBase.run(SocketProcessorBase.java:52)
	at org.apache.tomcat.util.threads.ThreadPoolExecutor.runWorker(ThreadPoolExecutor.java:1191)
	at org.apache.tomcat.util.threads.ThreadPoolExecutor$Worker.run(ThreadPoolExecutor.java:659)
	at org.apache.tomcat.util.threads.TaskThread$WrappingRunnable.run(TaskThread.java:63)
	at java.base/java.lang.Thread.run(Thread.java:840)
2024-07-09 00:13:34,535 WARN o.s.w.s.h.AbstractHandlerExceptionResolver [http-nio-8080-exec-2] Resolved [org.springframework.web.context.request.async.AsyncRequestNotUsableException: ServletOutputStream failed to write: java.nio.channels.ClosedChannelException]
2024-07-09 00:13:34,657 INFO o.s.o.j.AbstractEntityManagerFactoryBean [Thread-5] Closing JPA EntityManagerFactory for persistence unit 'default'
2024-07-09 00:13:34,662 INFO c.z.h.HikariDataSource [Thread-5] HikariPool-1 - Shutdown initiated...
2024-07-09 00:13:34,679 INFO c.z.h.HikariDataSource [Thread-5] HikariPool-1 - Shutdown completed.
2024-07-09 00:13:34,770 INFO o.s.b.StartupInfoLogger [restartedMain] Starting RecruitmentServiceApplication using Java 17.0.11 with PID 19986 (/home/lamgnaoh/Workspace/project/recruitment-service/target/classes started by lamgnaoh in /home/lamgnaoh/Workspace/project/recruitment-service)
2024-07-09 00:13:34,771 INFO o.s.b.SpringApplication [restartedMain] The following 1 profile is active: "dev"
2024-07-09 00:13:34,922 INFO o.s.d.r.c.RepositoryConfigurationDelegate [restartedMain] Multiple Spring Data modules found, entering strict repository configuration mode
2024-07-09 00:13:34,922 INFO o.s.d.r.c.RepositoryConfigurationDelegate [restartedMain] Bootstrapping Spring Data JPA repositories in DEFAULT mode.
2024-07-09 00:13:34,936 INFO o.s.d.r.c.RepositoryConfigurationDelegate [restartedMain] Finished Spring Data repository scanning in 13 ms. Found 7 JPA repository interfaces.
2024-07-09 00:13:34,940 INFO o.s.d.r.c.RepositoryConfigurationDelegate [restartedMain] Multiple Spring Data modules found, entering strict repository configuration mode
2024-07-09 00:13:34,940 INFO o.s.d.r.c.RepositoryConfigurationDelegate [restartedMain] Bootstrapping Spring Data Redis repositories in DEFAULT mode.
2024-07-09 00:13:34,942 INFO o.s.d.r.c.RepositoryConfigurationExtensionSupport [restartedMain] Spring Data Redis - Could not safely identify store assignment for repository candidate interface vn.unigap.api.repository.EmployerRepository; If you want this repository to be a Redis repository, consider annotating your entities with one of these annotations: org.springframework.data.redis.core.RedisHash (preferred), or consider extending one of the following types with your repository: org.springframework.data.keyvalue.repository.KeyValueRepository
2024-07-09 00:13:34,942 INFO o.s.d.r.c.RepositoryConfigurationExtensionSupport [restartedMain] Spring Data Redis - Could not safely identify store assignment for repository candidate interface vn.unigap.api.repository.JobFieldRepository; If you want this repository to be a Redis repository, consider annotating your entities with one of these annotations: org.springframework.data.redis.core.RedisHash (preferred), or consider extending one of the following types with your repository: org.springframework.data.keyvalue.repository.KeyValueRepository
2024-07-09 00:13:34,943 INFO o.s.d.r.c.RepositoryConfigurationExtensionSupport [restartedMain] Spring Data Redis - Could not safely identify store assignment for repository candidate interface vn.unigap.api.repository.JobReposiroty; If you want this repository to be a Redis repository, consider annotating your entities with one of these annotations: org.springframework.data.redis.core.RedisHash (preferred), or consider extending one of the following types with your repository: org.springframework.data.keyvalue.repository.KeyValueRepository
2024-07-09 00:13:34,943 INFO o.s.d.r.c.RepositoryConfigurationExtensionSupport [restartedMain] Spring Data Redis - Could not safely identify store assignment for repository candidate interface vn.unigap.api.repository.ProvinceRepository; If you want this repository to be a Redis repository, consider annotating your entities with one of these annotations: org.springframework.data.redis.core.RedisHash (preferred), or consider extending one of the following types with your repository: org.springframework.data.keyvalue.repository.KeyValueRepository
2024-07-09 00:13:34,943 INFO o.s.d.r.c.RepositoryConfigurationExtensionSupport [restartedMain] Spring Data Redis - Could not safely identify store assignment for repository candidate interface vn.unigap.api.repository.ResumeRepository; If you want this repository to be a Redis repository, consider annotating your entities with one of these annotations: org.springframework.data.redis.core.RedisHash (preferred), or consider extending one of the following types with your repository: org.springframework.data.keyvalue.repository.KeyValueRepository
2024-07-09 00:13:34,943 INFO o.s.d.r.c.RepositoryConfigurationExtensionSupport [restartedMain] Spring Data Redis - Could not safely identify store assignment for repository candidate interface vn.unigap.api.repository.SeekerRepository; If you want this repository to be a Redis repository, consider annotating your entities with one of these annotations: org.springframework.data.redis.core.RedisHash (preferred), or consider extending one of the following types with your repository: org.springframework.data.keyvalue.repository.KeyValueRepository
2024-07-09 00:13:34,943 INFO o.s.d.r.c.RepositoryConfigurationExtensionSupport [restartedMain] Spring Data Redis - Could not safely identify store assignment for repository candidate interface vn.unigap.api.repository.UserRepository; If you want this repository to be a Redis repository, consider annotating your entities with one of these annotations: org.springframework.data.redis.core.RedisHash (preferred), or consider extending one of the following types with your repository: org.springframework.data.keyvalue.repository.KeyValueRepository
2024-07-09 00:13:34,943 INFO o.s.d.r.c.RepositoryConfigurationDelegate [restartedMain] Finished Spring Data repository scanning in 3 ms. Found 0 Redis repository interfaces.
2024-07-09 00:13:35,058 INFO o.s.b.w.e.t.TomcatWebServer [restartedMain] Tomcat initialized with port 8080 (http)
2024-07-09 00:13:35,059 INFO o.a.j.l.DirectJDKLog [restartedMain] Initializing ProtocolHandler ["http-nio-8080"]
2024-07-09 00:13:35,059 INFO o.a.j.l.DirectJDKLog [restartedMain] Starting service [Tomcat]
2024-07-09 00:13:35,059 INFO o.a.j.l.DirectJDKLog [restartedMain] Starting Servlet engine: [Apache Tomcat/10.1.20]
2024-07-09 00:13:35,065 INFO o.a.j.l.DirectJDKLog [restartedMain] Initializing Spring embedded WebApplicationContext
2024-07-09 00:13:35,066 INFO o.s.b.w.s.c.ServletWebServerApplicationContext [restartedMain] Root WebApplicationContext: initialization completed in 292 ms
2024-07-09 00:13:35,112 INFO o.h.j.i.u.LogHelper [restartedMain] HHH000204: Processing PersistenceUnitInfo [name: default]
2024-07-09 00:13:35,114 INFO o.h.c.i.RegionFactoryInitiator [restartedMain] HHH000026: Second-level cache disabled
2024-07-09 00:13:35,117 INFO o.s.o.j.p.SpringPersistenceUnitInfo [restartedMain] No LoadTimeWeaver setup: ignoring JPA class transformer
2024-07-09 00:13:35,118 INFO c.z.h.HikariDataSource [restartedMain] HikariPool-2 - Starting...
2024-07-09 00:13:35,120 INFO c.z.h.p.HikariPool [restartedMain] HikariPool-2 - Added connection com.mysql.cj.jdbc.ConnectionImpl@23b8bd5f
2024-07-09 00:13:35,121 INFO c.z.h.HikariDataSource [restartedMain] HikariPool-2 - Start completed.
2024-07-09 00:13:35,121 WARN o.h.e.j.d.i.DialectFactoryImpl [restartedMain] HHH90000025: MySQL8Dialect does not need to be specified explicitly using 'hibernate.dialect' (remove the property setting and it will be selected by default)
2024-07-09 00:13:35,121 WARN o.h.e.j.d.i.DialectFactoryImpl [restartedMain] HHH90000026: MySQL8Dialect has been deprecated; use org.hibernate.dialect.MySQLDialect instead
2024-07-09 00:13:35,240 INFO o.h.e.t.j.p.i.JtaPlatformInitiator [restartedMain] HHH000489: No JTA platform available (set 'hibernate.transaction.jta.platform' to enable JTA platform integration)
2024-07-09 00:13:35,241 INFO o.s.o.j.AbstractEntityManagerFactoryBean [restartedMain] Initialized JPA EntityManagerFactory for persistence unit 'default'
2024-07-09 00:13:35,400 WARN o.s.b.a.o.j.JpaBaseConfiguration$JpaWebConfiguration [restartedMain] spring.jpa.open-in-view is enabled by default. Therefore, database queries may be performed during view rendering. Explicitly configure spring.jpa.open-in-view to disable this warning
2024-07-09 00:13:35,477 INFO o.s.s.w.DefaultSecurityFilterChain [restartedMain] Will secure any request with [org.springframework.security.web.session.DisableEncodeUrlFilter@46253ab2, org.springframework.security.web.context.request.async.WebAsyncManagerIntegrationFilter@318515a6, org.springframework.security.web.context.SecurityContextHolderFilter@7c8eb9bb, org.springframework.security.web.header.HeaderWriterFilter@2c9361c3, org.springframework.web.filter.CorsFilter@36718b88, org.springframework.security.web.authentication.logout.LogoutFilter@257ff3bf, org.springframework.security.oauth2.server.resource.web.authentication.BearerTokenAuthenticationFilter@1c9dc095, org.springframework.security.web.savedrequest.RequestCacheAwareFilter@5e17b304, org.springframework.security.web.servletapi.SecurityContextHolderAwareRequestFilter@7873376f, org.springframework.security.web.authentication.AnonymousAuthenticationFilter@449a6cbb, org.springframework.security.web.access.ExceptionTranslationFilter@4dad6de4, org.springframework.security.web.access.intercept.AuthorizationFilter@45685365]
2024-07-09 00:13:35,572 INFO o.s.b.d.a.OptionalLiveReloadServer [restartedMain] LiveReload server is running on port 35729
2024-07-09 00:13:35,582 INFO o.a.j.l.DirectJDKLog [restartedMain] Starting ProtocolHandler ["http-nio-8080"]
2024-07-09 00:13:35,583 INFO o.s.b.w.e.t.TomcatWebServer [restartedMain] Tomcat started on port 8080 (http) with context path ''
2024-07-09 00:13:35,587 INFO o.s.b.StartupInfoLogger [restartedMain] Started RecruitmentServiceApplication in 0.854 seconds (process running for 666.713)
2024-07-09 00:13:35,588 INFO o.s.b.d.a.ConditionEvaluationDeltaLoggingListener [restartedMain] Condition evaluation unchanged
2024-07-09 00:13:36,977 INFO o.s.b.d.a.LocalDevToolsAutoConfiguration$RestartingClassPathChangeChangedEventListener [File Watcher] Restarting due to 1 class path change (0 additions, 1 deletion, 0 modifications)
2024-07-09 00:13:36,980 INFO o.a.j.l.DirectJDKLog [Thread-7] Stopping ProtocolHandler ["http-nio-8080"]
2024-07-09 00:13:37,101 INFO o.s.o.j.AbstractEntityManagerFactoryBean [Thread-7] Closing JPA EntityManagerFactory for persistence unit 'default'
2024-07-09 00:13:37,103 INFO c.z.h.HikariDataSource [Thread-7] HikariPool-2 - Shutdown initiated...
2024-07-09 00:13:37,104 INFO c.z.h.HikariDataSource [Thread-7] HikariPool-2 - Shutdown completed.
2024-07-09 00:13:37,243 INFO o.s.b.StartupInfoLogger [restartedMain] Starting RecruitmentServiceApplication using Java 17.0.11 with PID 19986 (/home/lamgnaoh/Workspace/project/recruitment-service/target/classes started by lamgnaoh in /home/lamgnaoh/Workspace/project/recruitment-service)
2024-07-09 00:13:37,243 INFO o.s.b.SpringApplication [restartedMain] The following 1 profile is active: "dev"
2024-07-09 00:13:37,437 INFO o.s.d.r.c.RepositoryConfigurationDelegate [restartedMain] Multiple Spring Data modules found, entering strict repository configuration mode
2024-07-09 00:13:37,437 INFO o.s.d.r.c.RepositoryConfigurationDelegate [restartedMain] Bootstrapping Spring Data JPA repositories in DEFAULT mode.
2024-07-09 00:13:37,457 INFO o.s.d.r.c.RepositoryConfigurationDelegate [restartedMain] Finished Spring Data repository scanning in 19 ms. Found 7 JPA repository interfaces.
2024-07-09 00:13:37,460 INFO o.s.d.r.c.RepositoryConfigurationDelegate [restartedMain] Multiple Spring Data modules found, entering strict repository configuration mode
2024-07-09 00:13:37,460 INFO o.s.d.r.c.RepositoryConfigurationDelegate [restartedMain] Bootstrapping Spring Data Redis repositories in DEFAULT mode.
2024-07-09 00:13:37,463 INFO o.s.d.r.c.RepositoryConfigurationExtensionSupport [restartedMain] Spring Data Redis - Could not safely identify store assignment for repository candidate interface vn.unigap.api.repository.EmployerRepository; If you want this repository to be a Redis repository, consider annotating your entities with one of these annotations: org.springframework.data.redis.core.RedisHash (preferred), or consider extending one of the following types with your repository: org.springframework.data.keyvalue.repository.KeyValueRepository
2024-07-09 00:13:37,463 INFO o.s.d.r.c.RepositoryConfigurationExtensionSupport [restartedMain] Spring Data Redis - Could not safely identify store assignment for repository candidate interface vn.unigap.api.repository.JobFieldRepository; If you want this repository to be a Redis repository, consider annotating your entities with one of these annotations: org.springframework.data.redis.core.RedisHash (preferred), or consider extending one of the following types with your repository: org.springframework.data.keyvalue.repository.KeyValueRepository
2024-07-09 00:13:37,463 INFO o.s.d.r.c.RepositoryConfigurationExtensionSupport [restartedMain] Spring Data Redis - Could not safely identify store assignment for repository candidate interface vn.unigap.api.repository.JobReposiroty; If you want this repository to be a Redis repository, consider annotating your entities with one of these annotations: org.springframework.data.redis.core.RedisHash (preferred), or consider extending one of the following types with your repository: org.springframework.data.keyvalue.repository.KeyValueRepository
2024-07-09 00:13:37,463 INFO o.s.d.r.c.RepositoryConfigurationExtensionSupport [restartedMain] Spring Data Redis - Could not safely identify store assignment for repository candidate interface vn.unigap.api.repository.ProvinceRepository; If you want this repository to be a Redis repository, consider annotating your entities with one of these annotations: org.springframework.data.redis.core.RedisHash (preferred), or consider extending one of the following types with your repository: org.springframework.data.keyvalue.repository.KeyValueRepository
2024-07-09 00:13:37,463 INFO o.s.d.r.c.RepositoryConfigurationExtensionSupport [restartedMain] Spring Data Redis - Could not safely identify store assignment for repository candidate interface vn.unigap.api.repository.ResumeRepository; If you want this repository to be a Redis repository, consider annotating your entities with one of these annotations: org.springframework.data.redis.core.RedisHash (preferred), or consider extending one of the following types with your repository: org.springframework.data.keyvalue.repository.KeyValueRepository
2024-07-09 00:13:37,463 INFO o.s.d.r.c.RepositoryConfigurationExtensionSupport [restartedMain] Spring Data Redis - Could not safely identify store assignment for repository candidate interface vn.unigap.api.repository.SeekerRepository; If you want this repository to be a Redis repository, consider annotating your entities with one of these annotations: org.springframework.data.redis.core.RedisHash (preferred), or consider extending one of the following types with your repository: org.springframework.data.keyvalue.repository.KeyValueRepository
2024-07-09 00:13:37,464 INFO o.s.d.r.c.RepositoryConfigurationExtensionSupport [restartedMain] Spring Data Redis - Could not safely identify store assignment for repository candidate interface vn.unigap.api.repository.UserRepository; If you want this repository to be a Redis repository, consider annotating your entities with one of these annotations: org.springframework.data.redis.core.RedisHash (preferred), or consider extending one of the following types with your repository: org.springframework.data.keyvalue.repository.KeyValueRepository
2024-07-09 00:13:37,464 INFO o.s.d.r.c.RepositoryConfigurationDelegate [restartedMain] Finished Spring Data repository scanning in 3 ms. Found 0 Redis repository interfaces.
2024-07-09 00:13:37,577 INFO o.s.b.w.e.t.TomcatWebServer [restartedMain] Tomcat initialized with port 8080 (http)
2024-07-09 00:13:37,578 INFO o.a.j.l.DirectJDKLog [restartedMain] Initializing ProtocolHandler ["http-nio-8080"]
2024-07-09 00:13:37,578 INFO o.a.j.l.DirectJDKLog [restartedMain] Starting service [Tomcat]
2024-07-09 00:13:37,579 INFO o.a.j.l.DirectJDKLog [restartedMain] Starting Servlet engine: [Apache Tomcat/10.1.20]
2024-07-09 00:13:37,584 INFO o.a.j.l.DirectJDKLog [restartedMain] Initializing Spring embedded WebApplicationContext
2024-07-09 00:13:37,584 INFO o.s.b.w.s.c.ServletWebServerApplicationContext [restartedMain] Root WebApplicationContext: initialization completed in 340 ms
2024-07-09 00:13:37,660 INFO o.h.j.i.u.LogHelper [restartedMain] HHH000204: Processing PersistenceUnitInfo [name: default]
2024-07-09 00:13:37,663 INFO o.h.c.i.RegionFactoryInitiator [restartedMain] HHH000026: Second-level cache disabled
2024-07-09 00:13:37,670 INFO o.s.o.j.p.SpringPersistenceUnitInfo [restartedMain] No LoadTimeWeaver setup: ignoring JPA class transformer
2024-07-09 00:13:37,671 INFO c.z.h.HikariDataSource [restartedMain] HikariPool-3 - Starting...
2024-07-09 00:13:37,675 INFO c.z.h.p.HikariPool [restartedMain] HikariPool-3 - Added connection com.mysql.cj.jdbc.ConnectionImpl@1298a3a9
2024-07-09 00:13:37,676 INFO c.z.h.HikariDataSource [restartedMain] HikariPool-3 - Start completed.
2024-07-09 00:13:37,677 WARN o.h.e.j.d.i.DialectFactoryImpl [restartedMain] HHH90000025: MySQL8Dialect does not need to be specified explicitly using 'hibernate.dialect' (remove the property setting and it will be selected by default)
2024-07-09 00:13:37,677 WARN o.h.e.j.d.i.DialectFactoryImpl [restartedMain] HHH90000026: MySQL8Dialect has been deprecated; use org.hibernate.dialect.MySQLDialect instead
2024-07-09 00:13:37,822 INFO o.h.e.t.j.p.i.JtaPlatformInitiator [restartedMain] HHH000489: No JTA platform available (set 'hibernate.transaction.jta.platform' to enable JTA platform integration)
2024-07-09 00:13:37,822 INFO o.s.o.j.AbstractEntityManagerFactoryBean [restartedMain] Initialized JPA EntityManagerFactory for persistence unit 'default'
2024-07-09 00:13:38,026 WARN o.s.b.a.o.j.JpaBaseConfiguration$JpaWebConfiguration [restartedMain] spring.jpa.open-in-view is enabled by default. Therefore, database queries may be performed during view rendering. Explicitly configure spring.jpa.open-in-view to disable this warning
2024-07-09 00:13:38,141 INFO o.s.s.w.DefaultSecurityFilterChain [restartedMain] Will secure any request with [org.springframework.security.web.session.DisableEncodeUrlFilter@5e3229f8, org.springframework.security.web.context.request.async.WebAsyncManagerIntegrationFilter@4d46b485, org.springframework.security.web.context.SecurityContextHolderFilter@7472641a, org.springframework.security.web.header.HeaderWriterFilter@50899c52, org.springframework.web.filter.CorsFilter@20eca764, org.springframework.security.web.authentication.logout.LogoutFilter@32223f20, org.springframework.security.oauth2.server.resource.web.authentication.BearerTokenAuthenticationFilter@7d4ad24e, org.springframework.security.web.savedrequest.RequestCacheAwareFilter@34bb8305, org.springframework.security.web.servletapi.SecurityContextHolderAwareRequestFilter@49e0ad4e, org.springframework.security.web.authentication.AnonymousAuthenticationFilter@b9fd995, org.springframework.security.web.access.ExceptionTranslationFilter@59d48e42, org.springframework.security.web.access.intercept.AuthorizationFilter@162f6d04]
2024-07-09 00:13:38,244 INFO o.s.b.d.a.OptionalLiveReloadServer [restartedMain] LiveReload server is running on port 35729
2024-07-09 00:13:38,257 INFO o.a.j.l.DirectJDKLog [restartedMain] Starting ProtocolHandler ["http-nio-8080"]
2024-07-09 00:13:38,258 INFO o.s.b.w.e.t.TomcatWebServer [restartedMain] Tomcat started on port 8080 (http) with context path ''
2024-07-09 00:13:38,262 INFO o.s.b.StartupInfoLogger [restartedMain] Started RecruitmentServiceApplication in 1.053 seconds (process running for 669.389)
2024-07-09 00:13:38,264 INFO o.s.b.d.a.ConditionEvaluationDeltaLoggingListener [restartedMain] Condition evaluation unchanged
2024-07-09 00:13:39,653 INFO o.s.b.d.a.LocalDevToolsAutoConfiguration$RestartingClassPathChangeChangedEventListener [File Watcher] Restarting due to 1 class path change (1 addition, 0 deletions, 0 modifications)
2024-07-09 00:13:39,656 INFO o.a.j.l.DirectJDKLog [Thread-11] Stopping ProtocolHandler ["http-nio-8080"]
2024-07-09 00:13:39,768 INFO o.s.o.j.AbstractEntityManagerFactoryBean [Thread-11] Closing JPA EntityManagerFactory for persistence unit 'default'
2024-07-09 00:13:39,769 INFO c.z.h.HikariDataSource [Thread-11] HikariPool-3 - Shutdown initiated...
2024-07-09 00:13:39,771 INFO c.z.h.HikariDataSource [Thread-11] HikariPool-3 - Shutdown completed.
2024-07-09 00:13:39,851 INFO o.s.b.StartupInfoLogger [restartedMain] Starting RecruitmentServiceApplication using Java 17.0.11 with PID 19986 (/home/lamgnaoh/Workspace/project/recruitment-service/target/classes started by lamgnaoh in /home/lamgnaoh/Workspace/project/recruitment-service)
2024-07-09 00:13:39,851 INFO o.s.b.SpringApplication [restartedMain] The following 1 profile is active: "dev"
2024-07-09 00:13:40,013 INFO o.s.d.r.c.RepositoryConfigurationDelegate [restartedMain] Multiple Spring Data modules found, entering strict repository configuration mode
2024-07-09 00:13:40,014 INFO o.s.d.r.c.RepositoryConfigurationDelegate [restartedMain] Bootstrapping Spring Data JPA repositories in DEFAULT mode.
2024-07-09 00:13:40,036 INFO o.s.d.r.c.RepositoryConfigurationDelegate [restartedMain] Finished Spring Data repository scanning in 20 ms. Found 7 JPA repository interfaces.
2024-07-09 00:13:40,039 INFO o.s.d.r.c.RepositoryConfigurationDelegate [restartedMain] Multiple Spring Data modules found, entering strict repository configuration mode
2024-07-09 00:13:40,039 INFO o.s.d.r.c.RepositoryConfigurationDelegate [restartedMain] Bootstrapping Spring Data Redis repositories in DEFAULT mode.
2024-07-09 00:13:40,044 INFO o.s.d.r.c.RepositoryConfigurationExtensionSupport [restartedMain] Spring Data Redis - Could not safely identify store assignment for repository candidate interface vn.unigap.api.repository.EmployerRepository; If you want this repository to be a Redis repository, consider annotating your entities with one of these annotations: org.springframework.data.redis.core.RedisHash (preferred), or consider extending one of the following types with your repository: org.springframework.data.keyvalue.repository.KeyValueRepository
2024-07-09 00:13:40,047 INFO o.s.d.r.c.RepositoryConfigurationExtensionSupport [restartedMain] Spring Data Redis - Could not safely identify store assignment for repository candidate interface vn.unigap.api.repository.JobFieldRepository; If you want this repository to be a Redis repository, consider annotating your entities with one of these annotations: org.springframework.data.redis.core.RedisHash (preferred), or consider extending one of the following types with your repository: org.springframework.data.keyvalue.repository.KeyValueRepository
2024-07-09 00:13:40,048 INFO o.s.d.r.c.RepositoryConfigurationExtensionSupport [restartedMain] Spring Data Redis - Could not safely identify store assignment for repository candidate interface vn.unigap.api.repository.JobReposiroty; If you want this repository to be a Redis repository, consider annotating your entities with one of these annotations: org.springframework.data.redis.core.RedisHash (preferred), or consider extending one of the following types with your repository: org.springframework.data.keyvalue.repository.KeyValueRepository
2024-07-09 00:13:40,048 INFO o.s.d.r.c.RepositoryConfigurationExtensionSupport [restartedMain] Spring Data Redis - Could not safely identify store assignment for repository candidate interface vn.unigap.api.repository.ProvinceRepository; If you want this repository to be a Redis repository, consider annotating your entities with one of these annotations: org.springframework.data.redis.core.RedisHash (preferred), or consider extending one of the following types with your repository: org.springframework.data.keyvalue.repository.KeyValueRepository
2024-07-09 00:13:40,048 INFO o.s.d.r.c.RepositoryConfigurationExtensionSupport [restartedMain] Spring Data Redis - Could not safely identify store assignment for repository candidate interface vn.unigap.api.repository.ResumeRepository; If you want this repository to be a Redis repository, consider annotating your entities with one of these annotations: org.springframework.data.redis.core.RedisHash (preferred), or consider extending one of the following types with your repository: org.springframework.data.keyvalue.repository.KeyValueRepository
2024-07-09 00:13:40,048 INFO o.s.d.r.c.RepositoryConfigurationExtensionSupport [restartedMain] Spring Data Redis - Could not safely identify store assignment for repository candidate interface vn.unigap.api.repository.SeekerRepository; If you want this repository to be a Redis repository, consider annotating your entities with one of these annotations: org.springframework.data.redis.core.RedisHash (preferred), or consider extending one of the following types with your repository: org.springframework.data.keyvalue.repository.KeyValueRepository
2024-07-09 00:13:40,048 INFO o.s.d.r.c.RepositoryConfigurationExtensionSupport [restartedMain] Spring Data Redis - Could not safely identify store assignment for repository candidate interface vn.unigap.api.repository.UserRepository; If you want this repository to be a Redis repository, consider annotating your entities with one of these annotations: org.springframework.data.redis.core.RedisHash (preferred), or consider extending one of the following types with your repository: org.springframework.data.keyvalue.repository.KeyValueRepository
2024-07-09 00:13:40,048 INFO o.s.d.r.c.RepositoryConfigurationDelegate [restartedMain] Finished Spring Data repository scanning in 8 ms. Found 0 Redis repository interfaces.
2024-07-09 00:13:40,241 INFO o.s.b.w.e.t.TomcatWebServer [restartedMain] Tomcat initialized with port 8080 (http)
2024-07-09 00:13:40,242 INFO o.a.j.l.DirectJDKLog [restartedMain] Initializing ProtocolHandler ["http-nio-8080"]
2024-07-09 00:13:40,242 INFO o.a.j.l.DirectJDKLog [restartedMain] Starting service [Tomcat]
2024-07-09 00:13:40,243 INFO o.a.j.l.DirectJDKLog [restartedMain] Starting Servlet engine: [Apache Tomcat/10.1.20]
2024-07-09 00:13:40,248 INFO o.a.j.l.DirectJDKLog [restartedMain] Initializing Spring embedded WebApplicationContext
2024-07-09 00:13:40,249 INFO o.s.b.w.s.c.ServletWebServerApplicationContext [restartedMain] Root WebApplicationContext: initialization completed in 396 ms
2024-07-09 00:13:40,310 INFO o.h.j.i.u.LogHelper [restartedMain] HHH000204: Processing PersistenceUnitInfo [name: default]
2024-07-09 00:13:40,313 INFO o.h.c.i.RegionFactoryInitiator [restartedMain] HHH000026: Second-level cache disabled
2024-07-09 00:13:40,318 INFO o.s.o.j.p.SpringPersistenceUnitInfo [restartedMain] No LoadTimeWeaver setup: ignoring JPA class transformer
2024-07-09 00:13:40,319 INFO c.z.h.HikariDataSource [restartedMain] HikariPool-4 - Starting...
2024-07-09 00:13:40,324 INFO c.z.h.p.HikariPool [restartedMain] HikariPool-4 - Added connection com.mysql.cj.jdbc.ConnectionImpl@109f4031
2024-07-09 00:13:40,325 INFO c.z.h.HikariDataSource [restartedMain] HikariPool-4 - Start completed.
2024-07-09 00:13:40,326 WARN o.h.e.j.d.i.DialectFactoryImpl [restartedMain] HHH90000025: MySQL8Dialect does not need to be specified explicitly using 'hibernate.dialect' (remove the property setting and it will be selected by default)
2024-07-09 00:13:40,326 WARN o.h.e.j.d.i.DialectFactoryImpl [restartedMain] HHH90000026: MySQL8Dialect has been deprecated; use org.hibernate.dialect.MySQLDialect instead
2024-07-09 00:13:40,557 INFO o.h.e.t.j.p.i.JtaPlatformInitiator [restartedMain] HHH000489: No JTA platform available (set 'hibernate.transaction.jta.platform' to enable JTA platform integration)
2024-07-09 00:13:40,558 INFO o.s.o.j.AbstractEntityManagerFactoryBean [restartedMain] Initialized JPA EntityManagerFactory for persistence unit 'default'
2024-07-09 00:13:40,826 WARN o.s.b.a.o.j.JpaBaseConfiguration$JpaWebConfiguration [restartedMain] spring.jpa.open-in-view is enabled by default. Therefore, database queries may be performed during view rendering. Explicitly configure spring.jpa.open-in-view to disable this warning
2024-07-09 00:13:40,910 INFO o.s.s.w.DefaultSecurityFilterChain [restartedMain] Will secure any request with [org.springframework.security.web.session.DisableEncodeUrlFilter@6d1b7926, org.springframework.security.web.context.request.async.WebAsyncManagerIntegrationFilter@d0efa3d, org.springframework.security.web.context.SecurityContextHolderFilter@4a65c77a, org.springframework.security.web.header.HeaderWriterFilter@7c9b63ab, org.springframework.web.filter.CorsFilter@7aa9f964, org.springframework.security.web.authentication.logout.LogoutFilter@7d9038a5, org.springframework.security.oauth2.server.resource.web.authentication.BearerTokenAuthenticationFilter@11b22ea5, org.springframework.security.web.savedrequest.RequestCacheAwareFilter@66b4013d, org.springframework.security.web.servletapi.SecurityContextHolderAwareRequestFilter@3e0bc8ac, org.springframework.security.web.authentication.AnonymousAuthenticationFilter@7a6e3792, org.springframework.security.web.access.ExceptionTranslationFilter@78b40a65, org.springframework.security.web.access.intercept.AuthorizationFilter@5bc592ba]
2024-07-09 00:13:41,011 INFO o.s.b.d.a.OptionalLiveReloadServer [restartedMain] LiveReload server is running on port 35729
2024-07-09 00:13:41,021 INFO o.a.j.l.DirectJDKLog [restartedMain] Starting ProtocolHandler ["http-nio-8080"]
2024-07-09 00:13:41,022 INFO o.s.b.w.e.t.TomcatWebServer [restartedMain] Tomcat started on port 8080 (http) with context path ''
2024-07-09 00:13:41,026 INFO o.s.b.StartupInfoLogger [restartedMain] Started RecruitmentServiceApplication in 1.2 seconds (process running for 672.152)
2024-07-09 00:13:41,027 INFO o.s.b.d.a.ConditionEvaluationDeltaLoggingListener [restartedMain] Condition evaluation unchanged
2024-07-09 00:13:43,271 INFO o.a.j.l.DirectJDKLog [http-nio-8080-exec-2] Initializing Spring DispatcherServlet 'dispatcherServlet'
2024-07-09 00:13:43,271 INFO o.s.w.s.FrameworkServlet [http-nio-8080-exec-2] Initializing Servlet 'dispatcherServlet'
2024-07-09 00:13:43,272 INFO o.s.w.s.FrameworkServlet [http-nio-8080-exec-2] Completed initialization in 1 ms
2024-07-09 00:14:19,922 WARN o.s.w.s.h.AbstractHandlerExceptionResolver [http-nio-8080-exec-2] Resolved [org.springframework.web.context.request.async.AsyncRequestNotUsableException: ServletOutputStream failed to write: java.nio.channels.ClosedChannelException]
2024-07-09 00:14:20,031 INFO o.s.o.j.AbstractEntityManagerFactoryBean [SpringApplicationShutdownHook] Closing JPA EntityManagerFactory for persistence unit 'default'
2024-07-09 00:14:20,032 INFO c.z.h.HikariDataSource [SpringApplicationShutdownHook] HikariPool-4 - Shutdown initiated...
2024-07-09 00:14:20,033 INFO c.z.h.HikariDataSource [SpringApplicationShutdownHook] HikariPool-4 - Shutdown completed.
2024-07-09 00:14:23,014 INFO o.h.v.i.u.Version [background-preinit] HV000001: Hibernate Validator 8.0.1.Final
2024-07-09 00:14:23,037 INFO o.s.b.StartupInfoLogger [restartedMain] Starting RecruitmentServiceApplication using Java 17.0.11 with PID 22630 (/home/lamgnaoh/Workspace/project/recruitment-service/target/classes started by lamgnaoh in /home/lamgnaoh/Workspace/project/recruitment-service)
2024-07-09 00:14:23,038 INFO o.s.b.SpringApplication [restartedMain] The following 1 profile is active: "dev"
2024-07-09 00:14:23,068 INFO o.s.b.l.DeferredLog [restartedMain] Devtools property defaults active! Set 'spring.devtools.add-properties' to 'false' to disable
2024-07-09 00:14:23,069 INFO o.s.b.l.DeferredLog [restartedMain] For additional web related logging consider setting the 'logging.level.web' property to 'DEBUG'
2024-07-09 00:14:23,603 INFO o.s.d.r.c.RepositoryConfigurationDelegate [restartedMain] Multiple Spring Data modules found, entering strict repository configuration mode
2024-07-09 00:14:23,604 INFO o.s.d.r.c.RepositoryConfigurationDelegate [restartedMain] Bootstrapping Spring Data JPA repositories in DEFAULT mode.
2024-07-09 00:14:23,695 INFO o.s.d.r.c.RepositoryConfigurationDelegate [restartedMain] Finished Spring Data repository scanning in 87 ms. Found 7 JPA repository interfaces.
2024-07-09 00:14:23,708 INFO o.s.d.r.c.RepositoryConfigurationDelegate [restartedMain] Multiple Spring Data modules found, entering strict repository configuration mode
2024-07-09 00:14:23,709 INFO o.s.d.r.c.RepositoryConfigurationDelegate [restartedMain] Bootstrapping Spring Data Redis repositories in DEFAULT mode.
2024-07-09 00:14:23,719 INFO o.s.d.r.c.RepositoryConfigurationExtensionSupport [restartedMain] Spring Data Redis - Could not safely identify store assignment for repository candidate interface vn.unigap.api.repository.EmployerRepository; If you want this repository to be a Redis repository, consider annotating your entities with one of these annotations: org.springframework.data.redis.core.RedisHash (preferred), or consider extending one of the following types with your repository: org.springframework.data.keyvalue.repository.KeyValueRepository
2024-07-09 00:14:23,720 INFO o.s.d.r.c.RepositoryConfigurationExtensionSupport [restartedMain] Spring Data Redis - Could not safely identify store assignment for repository candidate interface vn.unigap.api.repository.JobFieldRepository; If you want this repository to be a Redis repository, consider annotating your entities with one of these annotations: org.springframework.data.redis.core.RedisHash (preferred), or consider extending one of the following types with your repository: org.springframework.data.keyvalue.repository.KeyValueRepository
2024-07-09 00:14:23,720 INFO o.s.d.r.c.RepositoryConfigurationExtensionSupport [restartedMain] Spring Data Redis - Could not safely identify store assignment for repository candidate interface vn.unigap.api.repository.JobReposiroty; If you want this repository to be a Redis repository, consider annotating your entities with one of these annotations: org.springframework.data.redis.core.RedisHash (preferred), or consider extending one of the following types with your repository: org.springframework.data.keyvalue.repository.KeyValueRepository
2024-07-09 00:14:23,720 INFO o.s.d.r.c.RepositoryConfigurationExtensionSupport [restartedMain] Spring Data Redis - Could not safely identify store assignment for repository candidate interface vn.unigap.api.repository.ProvinceRepository; If you want this repository to be a Redis repository, consider annotating your entities with one of these annotations: org.springframework.data.redis.core.RedisHash (preferred), or consider extending one of the following types with your repository: org.springframework.data.keyvalue.repository.KeyValueRepository
2024-07-09 00:14:23,720 INFO o.s.d.r.c.RepositoryConfigurationExtensionSupport [restartedMain] Spring Data Redis - Could not safely identify store assignment for repository candidate interface vn.unigap.api.repository.ResumeRepository; If you want this repository to be a Redis repository, consider annotating your entities with one of these annotations: org.springframework.data.redis.core.RedisHash (preferred), or consider extending one of the following types with your repository: org.springframework.data.keyvalue.repository.KeyValueRepository
2024-07-09 00:14:23,721 INFO o.s.d.r.c.RepositoryConfigurationExtensionSupport [restartedMain] Spring Data Redis - Could not safely identify store assignment for repository candidate interface vn.unigap.api.repository.SeekerRepository; If you want this repository to be a Redis repository, consider annotating your entities with one of these annotations: org.springframework.data.redis.core.RedisHash (preferred), or consider extending one of the following types with your repository: org.springframework.data.keyvalue.repository.KeyValueRepository
2024-07-09 00:14:23,721 INFO o.s.d.r.c.RepositoryConfigurationExtensionSupport [restartedMain] Spring Data Redis - Could not safely identify store assignment for repository candidate interface vn.unigap.api.repository.UserRepository; If you want this repository to be a Redis repository, consider annotating your entities with one of these annotations: org.springframework.data.redis.core.RedisHash (preferred), or consider extending one of the following types with your repository: org.springframework.data.keyvalue.repository.KeyValueRepository
2024-07-09 00:14:23,721 INFO o.s.d.r.c.RepositoryConfigurationDelegate [restartedMain] Finished Spring Data repository scanning in 7 ms. Found 0 Redis repository interfaces.
2024-07-09 00:14:24,140 INFO o.s.b.w.e.t.TomcatWebServer [restartedMain] Tomcat initialized with port 8080 (http)
2024-07-09 00:14:24,146 INFO o.a.j.l.DirectJDKLog [restartedMain] Initializing ProtocolHandler ["http-nio-8080"]
2024-07-09 00:14:24,147 INFO o.a.j.l.DirectJDKLog [restartedMain] Starting service [Tomcat]
2024-07-09 00:14:24,147 INFO o.a.j.l.DirectJDKLog [restartedMain] Starting Servlet engine: [Apache Tomcat/10.1.20]
2024-07-09 00:14:24,172 INFO o.a.j.l.DirectJDKLog [restartedMain] Initializing Spring embedded WebApplicationContext
2024-07-09 00:14:24,172 INFO o.s.b.w.s.c.ServletWebServerApplicationContext [restartedMain] Root WebApplicationContext: initialization completed in 1103 ms
2024-07-09 00:14:24,401 INFO o.h.j.i.u.LogHelper [restartedMain] HHH000204: Processing PersistenceUnitInfo [name: default]
2024-07-09 00:14:24,431 INFO o.h.Version [restartedMain] HHH000412: Hibernate ORM core version 6.4.4.Final
2024-07-09 00:14:24,451 INFO o.h.c.i.RegionFactoryInitiator [restartedMain] HHH000026: Second-level cache disabled
2024-07-09 00:14:24,575 INFO o.s.o.j.p.SpringPersistenceUnitInfo [restartedMain] No LoadTimeWeaver setup: ignoring JPA class transformer
2024-07-09 00:14:24,591 INFO c.z.h.HikariDataSource [restartedMain] HikariPool-1 - Starting...
2024-07-09 00:14:24,693 INFO c.z.h.p.HikariPool [restartedMain] HikariPool-1 - Added connection com.mysql.cj.jdbc.ConnectionImpl@5de80e53
2024-07-09 00:14:24,694 INFO c.z.h.HikariDataSource [restartedMain] HikariPool-1 - Start completed.
2024-07-09 00:14:24,731 WARN o.h.e.j.d.i.DialectFactoryImpl [restartedMain] HHH90000025: MySQL8Dialect does not need to be specified explicitly using 'hibernate.dialect' (remove the property setting and it will be selected by default)
2024-07-09 00:14:24,731 WARN o.h.e.j.d.i.DialectFactoryImpl [restartedMain] HHH90000026: MySQL8Dialect has been deprecated; use org.hibernate.dialect.MySQLDialect instead
2024-07-09 00:14:25,671 INFO o.h.e.t.j.p.i.JtaPlatformInitiator [restartedMain] HHH000489: No JTA platform available (set 'hibernate.transaction.jta.platform' to enable JTA platform integration)
2024-07-09 00:14:25,673 INFO o.s.o.j.AbstractEntityManagerFactoryBean [restartedMain] Initialized JPA EntityManagerFactory for persistence unit 'default'
2024-07-09 00:14:26,177 WARN o.s.b.a.o.j.JpaBaseConfiguration$JpaWebConfiguration [restartedMain] spring.jpa.open-in-view is enabled by default. Therefore, database queries may be performed during view rendering. Explicitly configure spring.jpa.open-in-view to disable this warning
2024-07-09 00:14:26,382 INFO o.s.s.w.DefaultSecurityFilterChain [restartedMain] Will secure any request with [org.springframework.security.web.session.DisableEncodeUrlFilter@21f3c5f5, org.springframework.security.web.context.request.async.WebAsyncManagerIntegrationFilter@9263b13, org.springframework.security.web.context.SecurityContextHolderFilter@31df051b, org.springframework.security.web.header.HeaderWriterFilter@6779668a, org.springframework.web.filter.CorsFilter@cc6cd10, org.springframework.security.web.authentication.logout.LogoutFilter@362b34da, org.springframework.security.oauth2.server.resource.web.authentication.BearerTokenAuthenticationFilter@4b03ab5, org.springframework.security.web.savedrequest.RequestCacheAwareFilter@7f77a4aa, org.springframework.security.web.servletapi.SecurityContextHolderAwareRequestFilter@2ad9674b, org.springframework.security.web.authentication.AnonymousAuthenticationFilter@212a5b16, org.springframework.security.web.access.ExceptionTranslationFilter@61b07b17, org.springframework.security.web.access.intercept.AuthorizationFilter@79c0c79a]
2024-07-09 00:14:26,595 INFO o.s.b.d.a.OptionalLiveReloadServer [restartedMain] LiveReload server is running on port 35729
2024-07-09 00:14:26,612 INFO o.a.j.l.DirectJDKLog [restartedMain] Starting ProtocolHandler ["http-nio-8080"]
2024-07-09 00:14:26,622 INFO o.s.b.w.e.t.TomcatWebServer [restartedMain] Tomcat started on port 8080 (http) with context path ''
2024-07-09 00:14:26,630 INFO o.s.b.StartupInfoLogger [restartedMain] Started RecruitmentServiceApplication in 3.964 seconds (process running for 4.434)
2024-07-09 00:14:32,296 INFO o.a.j.l.DirectJDKLog [http-nio-8080-exec-2] Initializing Spring DispatcherServlet 'dispatcherServlet'
2024-07-09 00:14:32,296 INFO o.s.w.s.FrameworkServlet [http-nio-8080-exec-2] Initializing Servlet 'dispatcherServlet'
2024-07-09 00:14:32,297 INFO o.s.w.s.FrameworkServlet [http-nio-8080-exec-2] Completed initialization in 1 ms
2024-07-09 00:17:48,350 WARN c.z.h.p.HikariPool$HouseKeeper [HikariPool-1 housekeeper] HikariPool-1 - Thread starvation or clock leap detected (housekeeper delta=1m6s229ms100µs627ns).
2024-07-09 00:19:00,064 WARN c.z.h.p.HikariPool$HouseKeeper [HikariPool-1 housekeeper] HikariPool-1 - Thread starvation or clock leap detected (housekeeper delta=1m11s715ms127µs770ns).
2024-07-09 00:19:40,802 INFO o.s.b.d.a.LocalDevToolsAutoConfiguration$RestartingClassPathChangeChangedEventListener [File Watcher] Restarting due to 1 class path change (0 additions, 1 deletion, 0 modifications)
2024-07-09 00:19:40,816 INFO o.a.j.l.DirectJDKLog [Thread-5] Stopping ProtocolHandler ["http-nio-8080"]
2024-07-09 00:19:40,957 INFO o.s.o.j.AbstractEntityManagerFactoryBean [Thread-5] Closing JPA EntityManagerFactory for persistence unit 'default'
2024-07-09 00:19:40,971 INFO c.z.h.HikariDataSource [Thread-5] HikariPool-1 - Shutdown initiated...
2024-07-09 00:19:40,987 INFO c.z.h.HikariDataSource [Thread-5] HikariPool-1 - Shutdown completed.
2024-07-09 00:19:41,091 INFO o.s.b.StartupInfoLogger [restartedMain] Starting RecruitmentServiceApplication using Java 17.0.11 with PID 22630 (/home/lamgnaoh/Workspace/project/recruitment-service/target/classes started by lamgnaoh in /home/lamgnaoh/Workspace/project/recruitment-service)
2024-07-09 00:19:41,091 INFO o.s.b.SpringApplication [restartedMain] The following 1 profile is active: "dev"
2024-07-09 00:19:41,270 INFO o.s.d.r.c.RepositoryConfigurationDelegate [restartedMain] Multiple Spring Data modules found, entering strict repository configuration mode
2024-07-09 00:19:41,270 INFO o.s.d.r.c.RepositoryConfigurationDelegate [restartedMain] Bootstrapping Spring Data JPA repositories in DEFAULT mode.
2024-07-09 00:19:41,283 INFO o.s.d.r.c.RepositoryConfigurationDelegate [restartedMain] Finished Spring Data repository scanning in 12 ms. Found 7 JPA repository interfaces.
2024-07-09 00:19:41,286 INFO o.s.d.r.c.RepositoryConfigurationDelegate [restartedMain] Multiple Spring Data modules found, entering strict repository configuration mode
2024-07-09 00:19:41,286 INFO o.s.d.r.c.RepositoryConfigurationDelegate [restartedMain] Bootstrapping Spring Data Redis repositories in DEFAULT mode.
2024-07-09 00:19:41,288 INFO o.s.d.r.c.RepositoryConfigurationExtensionSupport [restartedMain] Spring Data Redis - Could not safely identify store assignment for repository candidate interface vn.unigap.api.repository.EmployerRepository; If you want this repository to be a Redis repository, consider annotating your entities with one of these annotations: org.springframework.data.redis.core.RedisHash (preferred), or consider extending one of the following types with your repository: org.springframework.data.keyvalue.repository.KeyValueRepository
2024-07-09 00:19:41,289 INFO o.s.d.r.c.RepositoryConfigurationExtensionSupport [restartedMain] Spring Data Redis - Could not safely identify store assignment for repository candidate interface vn.unigap.api.repository.JobFieldRepository; If you want this repository to be a Redis repository, consider annotating your entities with one of these annotations: org.springframework.data.redis.core.RedisHash (preferred), or consider extending one of the following types with your repository: org.springframework.data.keyvalue.repository.KeyValueRepository
2024-07-09 00:19:41,289 INFO o.s.d.r.c.RepositoryConfigurationExtensionSupport [restartedMain] Spring Data Redis - Could not safely identify store assignment for repository candidate interface vn.unigap.api.repository.JobReposiroty; If you want this repository to be a Redis repository, consider annotating your entities with one of these annotations: org.springframework.data.redis.core.RedisHash (preferred), or consider extending one of the following types with your repository: org.springframework.data.keyvalue.repository.KeyValueRepository
2024-07-09 00:19:41,289 INFO o.s.d.r.c.RepositoryConfigurationExtensionSupport [restartedMain] Spring Data Redis - Could not safely identify store assignment for repository candidate interface vn.unigap.api.repository.ProvinceRepository; If you want this repository to be a Redis repository, consider annotating your entities with one of these annotations: org.springframework.data.redis.core.RedisHash (preferred), or consider extending one of the following types with your repository: org.springframework.data.keyvalue.repository.KeyValueRepository
2024-07-09 00:19:41,289 INFO o.s.d.r.c.RepositoryConfigurationExtensionSupport [restartedMain] Spring Data Redis - Could not safely identify store assignment for repository candidate interface vn.unigap.api.repository.ResumeRepository; If you want this repository to be a Redis repository, consider annotating your entities with one of these annotations: org.springframework.data.redis.core.RedisHash (preferred), or consider extending one of the following types with your repository: org.springframework.data.keyvalue.repository.KeyValueRepository
2024-07-09 00:19:41,289 INFO o.s.d.r.c.RepositoryConfigurationExtensionSupport [restartedMain] Spring Data Redis - Could not safely identify store assignment for repository candidate interface vn.unigap.api.repository.SeekerRepository; If you want this repository to be a Redis repository, consider annotating your entities with one of these annotations: org.springframework.data.redis.core.RedisHash (preferred), or consider extending one of the following types with your repository: org.springframework.data.keyvalue.repository.KeyValueRepository
2024-07-09 00:19:41,289 INFO o.s.d.r.c.RepositoryConfigurationExtensionSupport [restartedMain] Spring Data Redis - Could not safely identify store assignment for repository candidate interface vn.unigap.api.repository.UserRepository; If you want this repository to be a Redis repository, consider annotating your entities with one of these annotations: org.springframework.data.redis.core.RedisHash (preferred), or consider extending one of the following types with your repository: org.springframework.data.keyvalue.repository.KeyValueRepository
2024-07-09 00:19:41,290 INFO o.s.d.r.c.RepositoryConfigurationDelegate [restartedMain] Finished Spring Data repository scanning in 3 ms. Found 0 Redis repository interfaces.
2024-07-09 00:19:41,326 WARN o.s.c.s.AbstractApplicationContext [restartedMain] Exception encountered during context initialization - cancelling refresh attempt: java.lang.IllegalStateException: Unable to load cache item
2024-07-09 00:19:41,331 INFO o.s.b.a.l.ConditionEvaluationReportLogger [restartedMain] 

Error starting ApplicationContext. To display the condition evaluation report re-run your application with 'debug' enabled.
2024-07-09 00:19:41,344 ERROR o.s.b.SpringApplication [restartedMain] Application run failed
java.lang.IllegalStateException: Unable to load cache item
	at org.springframework.cglib.core.internal.LoadingCache.createEntry(LoadingCache.java:75)
	at org.springframework.cglib.core.internal.LoadingCache.get(LoadingCache.java:34)
	at org.springframework.cglib.core.AbstractClassGenerator$ClassLoaderData.get(AbstractClassGenerator.java:130)
	at org.springframework.cglib.core.AbstractClassGenerator.create(AbstractClassGenerator.java:317)
	at org.springframework.cglib.proxy.Enhancer.createHelper(Enhancer.java:562)
	at org.springframework.cglib.proxy.Enhancer.createClass(Enhancer.java:407)
	at org.springframework.context.annotation.ConfigurationClassEnhancer.createClass(ConfigurationClassEnhancer.java:138)
	at org.springframework.context.annotation.ConfigurationClassEnhancer.enhance(ConfigurationClassEnhancer.java:109)
	at org.springframework.context.annotation.ConfigurationClassPostProcessor.enhanceConfigurationClasses(ConfigurationClassPostProcessor.java:533)
	at org.springframework.context.annotation.ConfigurationClassPostProcessor.postProcessBeanFactory(ConfigurationClassPostProcessor.java:310)
	at org.springframework.context.support.PostProcessorRegistrationDelegate.invokeBeanFactoryPostProcessors(PostProcessorRegistrationDelegate.java:363)
	at org.springframework.context.support.PostProcessorRegistrationDelegate.invokeBeanFactoryPostProcessors(PostProcessorRegistrationDelegate.java:153)
	at org.springframework.context.support.AbstractApplicationContext.invokeBeanFactoryPostProcessors(AbstractApplicationContext.java:788)
	at org.springframework.context.support.AbstractApplicationContext.refresh(AbstractApplicationContext.java:606)
	at org.springframework.boot.web.servlet.context.ServletWebServerApplicationContext.refresh(ServletWebServerApplicationContext.java:146)
	at org.springframework.boot.SpringApplication.refresh(SpringApplication.java:754)
	at org.springframework.boot.SpringApplication.refreshContext(SpringApplication.java:456)
	at org.springframework.boot.SpringApplication.run(SpringApplication.java:334)
	at org.springframework.boot.SpringApplication.run(SpringApplication.java:1354)
	at org.springframework.boot.SpringApplication.run(SpringApplication.java:1343)
	at vn.unigap.api.RecruitmentServiceApplication.main(RecruitmentServiceApplication.java:14)
	at java.base/jdk.internal.reflect.NativeMethodAccessorImpl.invoke0(Native Method)
	at java.base/jdk.internal.reflect.NativeMethodAccessorImpl.invoke(NativeMethodAccessorImpl.java:77)
	at java.base/jdk.internal.reflect.DelegatingMethodAccessorImpl.invoke(DelegatingMethodAccessorImpl.java:43)
	at java.base/java.lang.reflect.Method.invoke(Method.java:568)
	at org.springframework.boot.devtools.restart.RestartLauncher.run(RestartLauncher.java:50)
Caused by: java.lang.NoClassDefFoundError: vn/unigap/api/security/JwtAuthorizationTokenFilter
	at java.base/java.lang.Class.getDeclaredConstructors0(Native Method)
	at java.base/java.lang.Class.privateGetDeclaredConstructors(Class.java:3373)
	at java.base/java.lang.Class.getDeclaredConstructors(Class.java:2555)
	at org.springframework.cglib.proxy.Enhancer.generateClass(Enhancer.java:655)
	at org.springframework.cglib.transform.TransformingClassGenerator.generateClass(TransformingClassGenerator.java:35)
	at org.springframework.cglib.core.DefaultGeneratorStrategy.generate(DefaultGeneratorStrategy.java:26)
	at org.springframework.cglib.core.ClassLoaderAwareGeneratorStrategy.generate(ClassLoaderAwareGeneratorStrategy.java:57)
	at org.springframework.cglib.core.AbstractClassGenerator.generate(AbstractClassGenerator.java:366)
	at org.springframework.cglib.proxy.Enhancer.generate(Enhancer.java:575)
	at org.springframework.cglib.core.AbstractClassGenerator$ClassLoaderData.lambda$new$1(AbstractClassGenerator.java:107)
	at org.springframework.cglib.core.internal.LoadingCache.lambda$createEntry$1(LoadingCache.java:52)
	at java.base/java.util.concurrent.FutureTask.run$$$capture(FutureTask.java:264)
	at java.base/java.util.concurrent.FutureTask.run(FutureTask.java)
	at org.springframework.cglib.core.internal.LoadingCache.createEntry(LoadingCache.java:57)
	... 25 common frames omitted
Caused by: java.lang.ClassNotFoundException: vn.unigap.api.security.JwtAuthorizationTokenFilter
	at java.base/jdk.internal.loader.BuiltinClassLoader.loadClass(BuiltinClassLoader.java:641)
	at java.base/jdk.internal.loader.ClassLoaders$AppClassLoader.loadClass(ClassLoaders.java:188)
	at java.base/java.lang.ClassLoader.loadClass(ClassLoader.java:525)
	at java.base/java.lang.Class.forName0(Native Method)
	at java.base/java.lang.Class.forName(Class.java:467)
	at org.springframework.boot.devtools.restart.classloader.RestartClassLoader.loadClass(RestartClassLoader.java:121)
	at java.base/java.lang.ClassLoader.loadClass(ClassLoader.java:525)
	... 39 common frames omitted
2024-07-09 00:22:29,280 INFO o.h.v.i.u.Version [background-preinit] HV000001: Hibernate Validator 8.0.1.Final
2024-07-09 00:22:29,304 INFO o.s.b.StartupInfoLogger [restartedMain] Starting RecruitmentServiceApplication using Java 17.0.11 with PID 24012 (/home/lamgnaoh/Workspace/project/recruitment-service/target/classes started by lamgnaoh in /home/lamgnaoh/Workspace/project/recruitment-service)
2024-07-09 00:22:29,304 INFO o.s.b.SpringApplication [restartedMain] The following 1 profile is active: "dev"
2024-07-09 00:22:29,335 INFO o.s.b.l.DeferredLog [restartedMain] Devtools property defaults active! Set 'spring.devtools.add-properties' to 'false' to disable
2024-07-09 00:22:29,335 INFO o.s.b.l.DeferredLog [restartedMain] For additional web related logging consider setting the 'logging.level.web' property to 'DEBUG'
2024-07-09 00:22:29,888 INFO o.s.d.r.c.RepositoryConfigurationDelegate [restartedMain] Multiple Spring Data modules found, entering strict repository configuration mode
2024-07-09 00:22:29,890 INFO o.s.d.r.c.RepositoryConfigurationDelegate [restartedMain] Bootstrapping Spring Data JPA repositories in DEFAULT mode.
2024-07-09 00:22:30,042 INFO o.s.d.r.c.RepositoryConfigurationDelegate [restartedMain] Finished Spring Data repository scanning in 144 ms. Found 7 JPA repository interfaces.
2024-07-09 00:22:30,073 INFO o.s.d.r.c.RepositoryConfigurationDelegate [restartedMain] Multiple Spring Data modules found, entering strict repository configuration mode
2024-07-09 00:22:30,075 INFO o.s.d.r.c.RepositoryConfigurationDelegate [restartedMain] Bootstrapping Spring Data Redis repositories in DEFAULT mode.
2024-07-09 00:22:30,098 INFO o.s.d.r.c.RepositoryConfigurationExtensionSupport [restartedMain] Spring Data Redis - Could not safely identify store assignment for repository candidate interface vn.unigap.api.repository.EmployerRepository; If you want this repository to be a Redis repository, consider annotating your entities with one of these annotations: org.springframework.data.redis.core.RedisHash (preferred), or consider extending one of the following types with your repository: org.springframework.data.keyvalue.repository.KeyValueRepository
2024-07-09 00:22:30,098 INFO o.s.d.r.c.RepositoryConfigurationExtensionSupport [restartedMain] Spring Data Redis - Could not safely identify store assignment for repository candidate interface vn.unigap.api.repository.JobFieldRepository; If you want this repository to be a Redis repository, consider annotating your entities with one of these annotations: org.springframework.data.redis.core.RedisHash (preferred), or consider extending one of the following types with your repository: org.springframework.data.keyvalue.repository.KeyValueRepository
2024-07-09 00:22:30,099 INFO o.s.d.r.c.RepositoryConfigurationExtensionSupport [restartedMain] Spring Data Redis - Could not safely identify store assignment for repository candidate interface vn.unigap.api.repository.JobReposiroty; If you want this repository to be a Redis repository, consider annotating your entities with one of these annotations: org.springframework.data.redis.core.RedisHash (preferred), or consider extending one of the following types with your repository: org.springframework.data.keyvalue.repository.KeyValueRepository
2024-07-09 00:22:30,099 INFO o.s.d.r.c.RepositoryConfigurationExtensionSupport [restartedMain] Spring Data Redis - Could not safely identify store assignment for repository candidate interface vn.unigap.api.repository.ProvinceRepository; If you want this repository to be a Redis repository, consider annotating your entities with one of these annotations: org.springframework.data.redis.core.RedisHash (preferred), or consider extending one of the following types with your repository: org.springframework.data.keyvalue.repository.KeyValueRepository
2024-07-09 00:22:30,100 INFO o.s.d.r.c.RepositoryConfigurationExtensionSupport [restartedMain] Spring Data Redis - Could not safely identify store assignment for repository candidate interface vn.unigap.api.repository.ResumeRepository; If you want this repository to be a Redis repository, consider annotating your entities with one of these annotations: org.springframework.data.redis.core.RedisHash (preferred), or consider extending one of the following types with your repository: org.springframework.data.keyvalue.repository.KeyValueRepository
2024-07-09 00:22:30,100 INFO o.s.d.r.c.RepositoryConfigurationExtensionSupport [restartedMain] Spring Data Redis - Could not safely identify store assignment for repository candidate interface vn.unigap.api.repository.SeekerRepository; If you want this repository to be a Redis repository, consider annotating your entities with one of these annotations: org.springframework.data.redis.core.RedisHash (preferred), or consider extending one of the following types with your repository: org.springframework.data.keyvalue.repository.KeyValueRepository
2024-07-09 00:22:30,100 INFO o.s.d.r.c.RepositoryConfigurationExtensionSupport [restartedMain] Spring Data Redis - Could not safely identify store assignment for repository candidate interface vn.unigap.api.repository.UserRepository; If you want this repository to be a Redis repository, consider annotating your entities with one of these annotations: org.springframework.data.redis.core.RedisHash (preferred), or consider extending one of the following types with your repository: org.springframework.data.keyvalue.repository.KeyValueRepository
2024-07-09 00:22:30,100 INFO o.s.d.r.c.RepositoryConfigurationDelegate [restartedMain] Finished Spring Data repository scanning in 11 ms. Found 0 Redis repository interfaces.
2024-07-09 00:22:30,771 INFO o.s.b.w.e.t.TomcatWebServer [restartedMain] Tomcat initialized with port 8080 (http)
2024-07-09 00:22:30,778 INFO o.a.j.l.DirectJDKLog [restartedMain] Initializing ProtocolHandler ["http-nio-8080"]
2024-07-09 00:22:30,779 INFO o.a.j.l.DirectJDKLog [restartedMain] Starting service [Tomcat]
2024-07-09 00:22:30,780 INFO o.a.j.l.DirectJDKLog [restartedMain] Starting Servlet engine: [Apache Tomcat/10.1.20]
2024-07-09 00:22:30,807 INFO o.a.j.l.DirectJDKLog [restartedMain] Initializing Spring embedded WebApplicationContext
2024-07-09 00:22:30,807 INFO o.s.b.w.s.c.ServletWebServerApplicationContext [restartedMain] Root WebApplicationContext: initialization completed in 1472 ms
2024-07-09 00:22:31,032 INFO o.h.j.i.u.LogHelper [restartedMain] HHH000204: Processing PersistenceUnitInfo [name: default]
2024-07-09 00:22:31,071 INFO o.h.Version [restartedMain] HHH000412: Hibernate ORM core version 6.4.4.Final
2024-07-09 00:22:31,093 INFO o.h.c.i.RegionFactoryInitiator [restartedMain] HHH000026: Second-level cache disabled
2024-07-09 00:22:31,248 INFO o.s.o.j.p.SpringPersistenceUnitInfo [restartedMain] No LoadTimeWeaver setup: ignoring JPA class transformer
2024-07-09 00:22:31,268 INFO c.z.h.HikariDataSource [restartedMain] HikariPool-1 - Starting...
2024-07-09 00:22:31,369 INFO c.z.h.p.HikariPool [restartedMain] HikariPool-1 - Added connection com.mysql.cj.jdbc.ConnectionImpl@372ab248
2024-07-09 00:22:31,370 INFO c.z.h.HikariDataSource [restartedMain] HikariPool-1 - Start completed.
2024-07-09 00:22:31,399 WARN o.h.e.j.d.i.DialectFactoryImpl [restartedMain] HHH90000025: MySQL8Dialect does not need to be specified explicitly using 'hibernate.dialect' (remove the property setting and it will be selected by default)
2024-07-09 00:22:31,400 WARN o.h.e.j.d.i.DialectFactoryImpl [restartedMain] HHH90000026: MySQL8Dialect has been deprecated; use org.hibernate.dialect.MySQLDialect instead
2024-07-09 00:22:32,133 INFO o.h.e.t.j.p.i.JtaPlatformInitiator [restartedMain] HHH000489: No JTA platform available (set 'hibernate.transaction.jta.platform' to enable JTA platform integration)
2024-07-09 00:22:32,135 INFO o.s.o.j.AbstractEntityManagerFactoryBean [restartedMain] Initialized JPA EntityManagerFactory for persistence unit 'default'
2024-07-09 00:22:32,317 ERROR o.s.b.w.e.t.TomcatStarter [restartedMain] Error starting Tomcat context. Exception: org.springframework.beans.factory.UnsatisfiedDependencyException. Message: Error creating bean with name 'jwtAuthorizationTokenFilter' defined in file [/home/lamgnaoh/Workspace/project/recruitment-service/target/classes/vn/unigap/api/security/JwtAuthorizationTokenFilter.class]: Unsatisfied dependency expressed through constructor parameter 0: Error creating bean with name 'webSecurityConfig' defined in file [/home/lamgnaoh/Workspace/project/recruitment-service/target/classes/vn/unigap/api/config/WebSecurityConfig.class]: Unsatisfied dependency expressed through constructor parameter 2: Error creating bean with name 'jwtAuthorizationTokenFilter': Requested bean is currently in creation: Is there an unresolvable circular reference?
2024-07-09 00:22:32,347 INFO o.a.j.l.DirectJDKLog [restartedMain] Stopping service [Tomcat]
2024-07-09 00:22:32,350 WARN o.a.j.l.DirectJDKLog [restartedMain] The web application [ROOT] appears to have started a thread named [lettuce-timer-3-1] but has failed to stop it. This is very likely to create a memory leak. Stack trace of thread:
 java.base@17.0.11/java.lang.Thread.sleep(Native Method)
 app//io.netty.util.HashedWheelTimer$Worker.waitForNextTick(HashedWheelTimer.java:591)
 app//io.netty.util.HashedWheelTimer$Worker.run(HashedWheelTimer.java:487)
 app//io.netty.util.concurrent.FastThreadLocalRunnable.run(FastThreadLocalRunnable.java:30)
 java.base@17.0.11/java.lang.Thread.run(Thread.java:840)
2024-07-09 00:22:32,351 WARN o.a.j.l.DirectJDKLog [restartedMain] The web application [ROOT] appears to have started a thread named [HikariPool-1 housekeeper] but has failed to stop it. This is very likely to create a memory leak. Stack trace of thread:
 java.base@17.0.11/jdk.internal.misc.Unsafe.park(Native Method)
 java.base@17.0.11/java.util.concurrent.locks.LockSupport.parkNanos(LockSupport.java:252)
 java.base@17.0.11/java.util.concurrent.locks.AbstractQueuedSynchronizer$ConditionObject.awaitNanos(AbstractQueuedSynchronizer.java:1674)
 java.base@17.0.11/java.util.concurrent.ScheduledThreadPoolExecutor$DelayedWorkQueue.take(ScheduledThreadPoolExecutor.java:1182)
 java.base@17.0.11/java.util.concurrent.ScheduledThreadPoolExecutor$DelayedWorkQueue.take(ScheduledThreadPoolExecutor.java:899)
 java.base@17.0.11/java.util.concurrent.ThreadPoolExecutor.getTask(ThreadPoolExecutor.java:1062)
 java.base@17.0.11/java.util.concurrent.ThreadPoolExecutor.runWorker(ThreadPoolExecutor.java:1122)
 java.base@17.0.11/java.util.concurrent.ThreadPoolExecutor$Worker.run(ThreadPoolExecutor.java:635)
 java.base@17.0.11/java.lang.Thread.run(Thread.java:840)
2024-07-09 00:22:32,351 WARN o.a.j.l.DirectJDKLog [restartedMain] The web application [ROOT] appears to have started a thread named [HikariPool-1 connection adder] but has failed to stop it. This is very likely to create a memory leak. Stack trace of thread:
 java.base@17.0.11/jdk.internal.misc.Unsafe.park(Native Method)
 java.base@17.0.11/java.util.concurrent.locks.LockSupport.parkNanos(LockSupport.java:252)
 java.base@17.0.11/java.util.concurrent.locks.AbstractQueuedSynchronizer$ConditionObject.awaitNanos(AbstractQueuedSynchronizer.java:1674)
 java.base@17.0.11/java.util.concurrent.LinkedBlockingQueue.poll(LinkedBlockingQueue.java:460)
 java.base@17.0.11/java.util.concurrent.ThreadPoolExecutor.getTask(ThreadPoolExecutor.java:1061)
 java.base@17.0.11/java.util.concurrent.ThreadPoolExecutor.runWorker(ThreadPoolExecutor.java:1122)
 java.base@17.0.11/java.util.concurrent.ThreadPoolExecutor$Worker.run(ThreadPoolExecutor.java:635)
 java.base@17.0.11/java.lang.Thread.run(Thread.java:840)
2024-07-09 00:22:32,353 WARN o.s.c.s.AbstractApplicationContext [restartedMain] Exception encountered during context initialization - cancelling refresh attempt: org.springframework.context.ApplicationContextException: Unable to start web server
2024-07-09 00:22:32,354 INFO o.s.o.j.AbstractEntityManagerFactoryBean [restartedMain] Closing JPA EntityManagerFactory for persistence unit 'default'
2024-07-09 00:22:32,357 INFO c.z.h.HikariDataSource [restartedMain] HikariPool-1 - Shutdown initiated...
2024-07-09 00:22:32,361 INFO c.z.h.HikariDataSource [restartedMain] HikariPool-1 - Shutdown completed.
2024-07-09 00:22:32,490 INFO o.s.b.a.l.ConditionEvaluationReportLogger [restartedMain] 

Error starting ApplicationContext. To display the condition evaluation report re-run your application with 'debug' enabled.
2024-07-09 00:22:32,507 ERROR o.s.b.d.LoggingFailureAnalysisReporter [restartedMain] 

***************************
APPLICATION FAILED TO START
***************************

Description:

The dependencies of some of the beans in the application context form a cycle:

┌─────┐
|  jwtAuthorizationTokenFilter defined in file [/home/lamgnaoh/Workspace/project/recruitment-service/target/classes/vn/unigap/api/security/JwtAuthorizationTokenFilter.class]
↑     ↓
|  webSecurityConfig defined in file [/home/lamgnaoh/Workspace/project/recruitment-service/target/classes/vn/unigap/api/config/WebSecurityConfig.class]
└─────┘


Action:

Relying upon circular references is discouraged and they are prohibited by default. Update your application to remove the dependency cycle between beans. As a last resort, it may be possible to break the cycle automatically by setting spring.main.allow-circular-references to true.

2024-07-09 00:23:02,724 INFO o.h.v.i.u.Version [background-preinit] HV000001: Hibernate Validator 8.0.1.Final
2024-07-09 00:23:02,747 INFO o.s.b.StartupInfoLogger [restartedMain] Starting RecruitmentServiceApplication using Java 17.0.11 with PID 24360 (/home/lamgnaoh/Workspace/project/recruitment-service/target/classes started by lamgnaoh in /home/lamgnaoh/Workspace/project/recruitment-service)
2024-07-09 00:23:02,748 INFO o.s.b.SpringApplication [restartedMain] The following 1 profile is active: "dev"
2024-07-09 00:23:02,778 INFO o.s.b.l.DeferredLog [restartedMain] Devtools property defaults active! Set 'spring.devtools.add-properties' to 'false' to disable
2024-07-09 00:23:02,778 INFO o.s.b.l.DeferredLog [restartedMain] For additional web related logging consider setting the 'logging.level.web' property to 'DEBUG'
2024-07-09 00:23:03,305 INFO o.s.d.r.c.RepositoryConfigurationDelegate [restartedMain] Multiple Spring Data modules found, entering strict repository configuration mode
2024-07-09 00:23:03,306 INFO o.s.d.r.c.RepositoryConfigurationDelegate [restartedMain] Bootstrapping Spring Data JPA repositories in DEFAULT mode.
2024-07-09 00:23:03,398 INFO o.s.d.r.c.RepositoryConfigurationDelegate [restartedMain] Finished Spring Data repository scanning in 87 ms. Found 7 JPA repository interfaces.
2024-07-09 00:23:03,407 INFO o.s.d.r.c.RepositoryConfigurationDelegate [restartedMain] Multiple Spring Data modules found, entering strict repository configuration mode
2024-07-09 00:23:03,408 INFO o.s.d.r.c.RepositoryConfigurationDelegate [restartedMain] Bootstrapping Spring Data Redis repositories in DEFAULT mode.
2024-07-09 00:23:03,418 INFO o.s.d.r.c.RepositoryConfigurationExtensionSupport [restartedMain] Spring Data Redis - Could not safely identify store assignment for repository candidate interface vn.unigap.api.repository.EmployerRepository; If you want this repository to be a Redis repository, consider annotating your entities with one of these annotations: org.springframework.data.redis.core.RedisHash (preferred), or consider extending one of the following types with your repository: org.springframework.data.keyvalue.repository.KeyValueRepository
2024-07-09 00:23:03,418 INFO o.s.d.r.c.RepositoryConfigurationExtensionSupport [restartedMain] Spring Data Redis - Could not safely identify store assignment for repository candidate interface vn.unigap.api.repository.JobFieldRepository; If you want this repository to be a Redis repository, consider annotating your entities with one of these annotations: org.springframework.data.redis.core.RedisHash (preferred), or consider extending one of the following types with your repository: org.springframework.data.keyvalue.repository.KeyValueRepository
2024-07-09 00:23:03,418 INFO o.s.d.r.c.RepositoryConfigurationExtensionSupport [restartedMain] Spring Data Redis - Could not safely identify store assignment for repository candidate interface vn.unigap.api.repository.JobReposiroty; If you want this repository to be a Redis repository, consider annotating your entities with one of these annotations: org.springframework.data.redis.core.RedisHash (preferred), or consider extending one of the following types with your repository: org.springframework.data.keyvalue.repository.KeyValueRepository
2024-07-09 00:23:03,418 INFO o.s.d.r.c.RepositoryConfigurationExtensionSupport [restartedMain] Spring Data Redis - Could not safely identify store assignment for repository candidate interface vn.unigap.api.repository.ProvinceRepository; If you want this repository to be a Redis repository, consider annotating your entities with one of these annotations: org.springframework.data.redis.core.RedisHash (preferred), or consider extending one of the following types with your repository: org.springframework.data.keyvalue.repository.KeyValueRepository
2024-07-09 00:23:03,418 INFO o.s.d.r.c.RepositoryConfigurationExtensionSupport [restartedMain] Spring Data Redis - Could not safely identify store assignment for repository candidate interface vn.unigap.api.repository.ResumeRepository; If you want this repository to be a Redis repository, consider annotating your entities with one of these annotations: org.springframework.data.redis.core.RedisHash (preferred), or consider extending one of the following types with your repository: org.springframework.data.keyvalue.repository.KeyValueRepository
2024-07-09 00:23:03,419 INFO o.s.d.r.c.RepositoryConfigurationExtensionSupport [restartedMain] Spring Data Redis - Could not safely identify store assignment for repository candidate interface vn.unigap.api.repository.SeekerRepository; If you want this repository to be a Redis repository, consider annotating your entities with one of these annotations: org.springframework.data.redis.core.RedisHash (preferred), or consider extending one of the following types with your repository: org.springframework.data.keyvalue.repository.KeyValueRepository
2024-07-09 00:23:03,419 INFO o.s.d.r.c.RepositoryConfigurationExtensionSupport [restartedMain] Spring Data Redis - Could not safely identify store assignment for repository candidate interface vn.unigap.api.repository.UserRepository; If you want this repository to be a Redis repository, consider annotating your entities with one of these annotations: org.springframework.data.redis.core.RedisHash (preferred), or consider extending one of the following types with your repository: org.springframework.data.keyvalue.repository.KeyValueRepository
2024-07-09 00:23:03,419 INFO o.s.d.r.c.RepositoryConfigurationDelegate [restartedMain] Finished Spring Data repository scanning in 6 ms. Found 0 Redis repository interfaces.
2024-07-09 00:23:04,025 INFO o.s.b.w.e.t.TomcatWebServer [restartedMain] Tomcat initialized with port 8080 (http)
2024-07-09 00:23:04,048 INFO o.a.j.l.DirectJDKLog [restartedMain] Initializing ProtocolHandler ["http-nio-8080"]
2024-07-09 00:23:04,051 INFO o.a.j.l.DirectJDKLog [restartedMain] Starting service [Tomcat]
2024-07-09 00:23:04,052 INFO o.a.j.l.DirectJDKLog [restartedMain] Starting Servlet engine: [Apache Tomcat/10.1.20]
2024-07-09 00:23:04,100 INFO o.a.j.l.DirectJDKLog [restartedMain] Initializing Spring embedded WebApplicationContext
2024-07-09 00:23:04,101 INFO o.s.b.w.s.c.ServletWebServerApplicationContext [restartedMain] Root WebApplicationContext: initialization completed in 1322 ms
2024-07-09 00:23:04,390 INFO o.h.j.i.u.LogHelper [restartedMain] HHH000204: Processing PersistenceUnitInfo [name: default]
2024-07-09 00:23:04,423 INFO o.h.Version [restartedMain] HHH000412: Hibernate ORM core version 6.4.4.Final
2024-07-09 00:23:04,444 INFO o.h.c.i.RegionFactoryInitiator [restartedMain] HHH000026: Second-level cache disabled
2024-07-09 00:23:04,577 INFO o.s.o.j.p.SpringPersistenceUnitInfo [restartedMain] No LoadTimeWeaver setup: ignoring JPA class transformer
2024-07-09 00:23:04,592 INFO c.z.h.HikariDataSource [restartedMain] HikariPool-1 - Starting...
2024-07-09 00:23:04,691 INFO c.z.h.p.HikariPool [restartedMain] HikariPool-1 - Added connection com.mysql.cj.jdbc.ConnectionImpl@140297db
2024-07-09 00:23:04,692 INFO c.z.h.HikariDataSource [restartedMain] HikariPool-1 - Start completed.
2024-07-09 00:23:04,718 WARN o.h.e.j.d.i.DialectFactoryImpl [restartedMain] HHH90000025: MySQL8Dialect does not need to be specified explicitly using 'hibernate.dialect' (remove the property setting and it will be selected by default)
2024-07-09 00:23:04,719 WARN o.h.e.j.d.i.DialectFactoryImpl [restartedMain] HHH90000026: MySQL8Dialect has been deprecated; use org.hibernate.dialect.MySQLDialect instead
2024-07-09 00:23:05,420 INFO o.h.e.t.j.p.i.JtaPlatformInitiator [restartedMain] HHH000489: No JTA platform available (set 'hibernate.transaction.jta.platform' to enable JTA platform integration)
2024-07-09 00:23:05,422 INFO o.s.o.j.AbstractEntityManagerFactoryBean [restartedMain] Initialized JPA EntityManagerFactory for persistence unit 'default'
2024-07-09 00:23:05,907 WARN o.s.b.a.o.j.JpaBaseConfiguration$JpaWebConfiguration [restartedMain] spring.jpa.open-in-view is enabled by default. Therefore, database queries may be performed during view rendering. Explicitly configure spring.jpa.open-in-view to disable this warning
2024-07-09 00:23:06,116 INFO o.s.s.w.DefaultSecurityFilterChain [restartedMain] Will secure any request with [org.springframework.security.web.session.DisableEncodeUrlFilter@4c2ed976, org.springframework.security.web.context.request.async.WebAsyncManagerIntegrationFilter@15dca266, org.springframework.security.web.context.SecurityContextHolderFilter@72a67bfb, org.springframework.security.web.header.HeaderWriterFilter@515c0e5c, org.springframework.web.filter.CorsFilter@65591f7e, org.springframework.security.web.authentication.logout.LogoutFilter@3703ffdf, org.springframework.security.oauth2.server.resource.web.authentication.BearerTokenAuthenticationFilter@646292f9, org.springframework.security.web.savedrequest.RequestCacheAwareFilter@758530d8, org.springframework.security.web.servletapi.SecurityContextHolderAwareRequestFilter@7ec0dd65, org.springframework.security.web.authentication.AnonymousAuthenticationFilter@40f5f561, org.springframework.security.web.access.ExceptionTranslationFilter@5ef8f6a5, org.springframework.security.web.access.intercept.AuthorizationFilter@1e0cc42a]
2024-07-09 00:23:06,337 INFO o.s.b.d.a.OptionalLiveReloadServer [restartedMain] LiveReload server is running on port 35729
2024-07-09 00:23:06,355 INFO o.a.j.l.DirectJDKLog [restartedMain] Starting ProtocolHandler ["http-nio-8080"]
2024-07-09 00:23:06,364 INFO o.s.b.w.e.t.TomcatWebServer [restartedMain] Tomcat started on port 8080 (http) with context path ''
2024-07-09 00:23:06,372 INFO o.s.b.StartupInfoLogger [restartedMain] Started RecruitmentServiceApplication in 3.991 seconds (process running for 4.475)
2024-07-09 00:23:10,849 INFO o.a.j.l.DirectJDKLog [http-nio-8080-exec-2] Initializing Spring DispatcherServlet 'dispatcherServlet'
2024-07-09 00:23:10,849 INFO o.s.w.s.FrameworkServlet [http-nio-8080-exec-2] Initializing Servlet 'dispatcherServlet'
2024-07-09 00:23:10,850 INFO o.s.w.s.FrameworkServlet [http-nio-8080-exec-2] Completed initialization in 1 ms
2024-07-09 00:28:50,558 WARN c.z.h.p.HikariPool$HouseKeeper [HikariPool-1 housekeeper] HikariPool-1 - Thread starvation or clock leap detected (housekeeper delta=5m12s449ms516µs461ns).
2024-07-09 00:29:01,581 INFO o.s.b.d.a.LocalDevToolsAutoConfiguration$RestartingClassPathChangeChangedEventListener [File Watcher] Restarting due to 1 class path change (0 additions, 0 deletions, 1 modification)
2024-07-09 00:29:04,998 INFO o.a.j.l.DirectJDKLog [Thread-5] Stopping ProtocolHandler ["http-nio-8080"]
2024-07-09 00:29:42,596 WARN c.z.h.p.HikariPool$HouseKeeper [HikariPool-1 housekeeper] HikariPool-1 - Thread starvation or clock leap detected (housekeeper delta=52s37ms672µs874ns).
2024-07-09 00:29:42,596 WARN o.a.j.l.DirectJDKLog [Thread-5] The executor associated with thread pool [http-nio-8080] has not fully shutdown. Some application threads may still be running.
2024-07-09 00:29:43,141 INFO o.s.o.j.AbstractEntityManagerFactoryBean [Thread-5] Closing JPA EntityManagerFactory for persistence unit 'default'
2024-07-09 00:29:43,144 INFO c.z.h.HikariDataSource [Thread-5] HikariPool-1 - Shutdown initiated...
2024-07-09 00:29:43,148 INFO c.z.h.HikariDataSource [Thread-5] HikariPool-1 - Shutdown completed.
2024-07-09 00:29:44,769 INFO o.s.b.StartupInfoLogger [restartedMain] Starting RecruitmentServiceApplication using Java 17.0.11 with PID 24360 (/home/lamgnaoh/Workspace/project/recruitment-service/target/classes started by lamgnaoh in /home/lamgnaoh/Workspace/project/recruitment-service)
2024-07-09 00:29:44,769 INFO o.s.b.SpringApplication [restartedMain] The following 1 profile is active: "dev"
2024-07-09 00:29:44,908 INFO o.s.d.r.c.RepositoryConfigurationDelegate [restartedMain] Multiple Spring Data modules found, entering strict repository configuration mode
2024-07-09 00:29:44,908 INFO o.s.d.r.c.RepositoryConfigurationDelegate [restartedMain] Bootstrapping Spring Data JPA repositories in DEFAULT mode.
2024-07-09 00:29:44,924 INFO o.s.d.r.c.RepositoryConfigurationDelegate [restartedMain] Finished Spring Data repository scanning in 15 ms. Found 7 JPA repository interfaces.
2024-07-09 00:29:44,927 INFO o.s.d.r.c.RepositoryConfigurationDelegate [restartedMain] Multiple Spring Data modules found, entering strict repository configuration mode
2024-07-09 00:29:44,927 INFO o.s.d.r.c.RepositoryConfigurationDelegate [restartedMain] Bootstrapping Spring Data Redis repositories in DEFAULT mode.
2024-07-09 00:29:44,929 INFO o.s.d.r.c.RepositoryConfigurationExtensionSupport [restartedMain] Spring Data Redis - Could not safely identify store assignment for repository candidate interface vn.unigap.api.repository.EmployerRepository; If you want this repository to be a Redis repository, consider annotating your entities with one of these annotations: org.springframework.data.redis.core.RedisHash (preferred), or consider extending one of the following types with your repository: org.springframework.data.keyvalue.repository.KeyValueRepository
2024-07-09 00:29:44,930 INFO o.s.d.r.c.RepositoryConfigurationExtensionSupport [restartedMain] Spring Data Redis - Could not safely identify store assignment for repository candidate interface vn.unigap.api.repository.JobFieldRepository; If you want this repository to be a Redis repository, consider annotating your entities with one of these annotations: org.springframework.data.redis.core.RedisHash (preferred), or consider extending one of the following types with your repository: org.springframework.data.keyvalue.repository.KeyValueRepository
2024-07-09 00:29:44,930 INFO o.s.d.r.c.RepositoryConfigurationExtensionSupport [restartedMain] Spring Data Redis - Could not safely identify store assignment for repository candidate interface vn.unigap.api.repository.JobReposiroty; If you want this repository to be a Redis repository, consider annotating your entities with one of these annotations: org.springframework.data.redis.core.RedisHash (preferred), or consider extending one of the following types with your repository: org.springframework.data.keyvalue.repository.KeyValueRepository
2024-07-09 00:29:44,930 INFO o.s.d.r.c.RepositoryConfigurationExtensionSupport [restartedMain] Spring Data Redis - Could not safely identify store assignment for repository candidate interface vn.unigap.api.repository.ProvinceRepository; If you want this repository to be a Redis repository, consider annotating your entities with one of these annotations: org.springframework.data.redis.core.RedisHash (preferred), or consider extending one of the following types with your repository: org.springframework.data.keyvalue.repository.KeyValueRepository
2024-07-09 00:29:44,930 INFO o.s.d.r.c.RepositoryConfigurationExtensionSupport [restartedMain] Spring Data Redis - Could not safely identify store assignment for repository candidate interface vn.unigap.api.repository.ResumeRepository; If you want this repository to be a Redis repository, consider annotating your entities with one of these annotations: org.springframework.data.redis.core.RedisHash (preferred), or consider extending one of the following types with your repository: org.springframework.data.keyvalue.repository.KeyValueRepository
2024-07-09 00:29:44,930 INFO o.s.d.r.c.RepositoryConfigurationExtensionSupport [restartedMain] Spring Data Redis - Could not safely identify store assignment for repository candidate interface vn.unigap.api.repository.SeekerRepository; If you want this repository to be a Redis repository, consider annotating your entities with one of these annotations: org.springframework.data.redis.core.RedisHash (preferred), or consider extending one of the following types with your repository: org.springframework.data.keyvalue.repository.KeyValueRepository
2024-07-09 00:29:44,930 INFO o.s.d.r.c.RepositoryConfigurationExtensionSupport [restartedMain] Spring Data Redis - Could not safely identify store assignment for repository candidate interface vn.unigap.api.repository.UserRepository; If you want this repository to be a Redis repository, consider annotating your entities with one of these annotations: org.springframework.data.redis.core.RedisHash (preferred), or consider extending one of the following types with your repository: org.springframework.data.keyvalue.repository.KeyValueRepository
2024-07-09 00:29:44,930 INFO o.s.d.r.c.RepositoryConfigurationDelegate [restartedMain] Finished Spring Data repository scanning in 2 ms. Found 0 Redis repository interfaces.
2024-07-09 00:29:45,033 INFO o.s.b.w.e.t.TomcatWebServer [restartedMain] Tomcat initialized with port 8080 (http)
2024-07-09 00:29:45,034 INFO o.a.j.l.DirectJDKLog [restartedMain] Initializing ProtocolHandler ["http-nio-8080"]
2024-07-09 00:29:45,034 INFO o.a.j.l.DirectJDKLog [restartedMain] Starting service [Tomcat]
2024-07-09 00:29:45,034 INFO o.a.j.l.DirectJDKLog [restartedMain] Starting Servlet engine: [Apache Tomcat/10.1.20]
2024-07-09 00:29:45,049 INFO o.a.j.l.DirectJDKLog [restartedMain] Initializing Spring embedded WebApplicationContext
2024-07-09 00:29:45,049 INFO o.s.b.w.s.c.ServletWebServerApplicationContext [restartedMain] Root WebApplicationContext: initialization completed in 278 ms
2024-07-09 00:29:45,096 INFO o.h.j.i.u.LogHelper [restartedMain] HHH000204: Processing PersistenceUnitInfo [name: default]
2024-07-09 00:29:45,098 INFO o.h.c.i.RegionFactoryInitiator [restartedMain] HHH000026: Second-level cache disabled
2024-07-09 00:29:45,101 INFO o.s.o.j.p.SpringPersistenceUnitInfo [restartedMain] No LoadTimeWeaver setup: ignoring JPA class transformer
2024-07-09 00:29:45,102 INFO c.z.h.HikariDataSource [restartedMain] HikariPool-2 - Starting...
2024-07-09 00:29:45,105 INFO c.z.h.p.HikariPool [restartedMain] HikariPool-2 - Added connection com.mysql.cj.jdbc.ConnectionImpl@8ee1d0b
2024-07-09 00:29:45,105 INFO c.z.h.HikariDataSource [restartedMain] HikariPool-2 - Start completed.
2024-07-09 00:29:45,106 WARN o.h.e.j.d.i.DialectFactoryImpl [restartedMain] HHH90000025: MySQL8Dialect does not need to be specified explicitly using 'hibernate.dialect' (remove the property setting and it will be selected by default)
2024-07-09 00:29:45,106 WARN o.h.e.j.d.i.DialectFactoryImpl [restartedMain] HHH90000026: MySQL8Dialect has been deprecated; use org.hibernate.dialect.MySQLDialect instead
2024-07-09 00:29:45,228 INFO o.h.e.t.j.p.i.JtaPlatformInitiator [restartedMain] HHH000489: No JTA platform available (set 'hibernate.transaction.jta.platform' to enable JTA platform integration)
2024-07-09 00:29:45,228 INFO o.s.o.j.AbstractEntityManagerFactoryBean [restartedMain] Initialized JPA EntityManagerFactory for persistence unit 'default'
2024-07-09 00:29:45,396 WARN o.s.b.a.o.j.JpaBaseConfiguration$JpaWebConfiguration [restartedMain] spring.jpa.open-in-view is enabled by default. Therefore, database queries may be performed during view rendering. Explicitly configure spring.jpa.open-in-view to disable this warning
2024-07-09 00:29:45,471 INFO o.s.s.w.DefaultSecurityFilterChain [restartedMain] Will secure any request with [org.springframework.security.web.session.DisableEncodeUrlFilter@59c1555a, org.springframework.security.web.context.request.async.WebAsyncManagerIntegrationFilter@43b42497, org.springframework.security.web.context.SecurityContextHolderFilter@2d4f1849, org.springframework.security.web.header.HeaderWriterFilter@15451fe0, org.springframework.web.filter.CorsFilter@584c9214, org.springframework.security.web.authentication.logout.LogoutFilter@4f13fdb9, org.springframework.security.oauth2.server.resource.web.authentication.BearerTokenAuthenticationFilter@96f9ffb, org.springframework.security.web.savedrequest.RequestCacheAwareFilter@1ce150e7, org.springframework.security.web.servletapi.SecurityContextHolderAwareRequestFilter@31bc974c, org.springframework.security.web.authentication.AnonymousAuthenticationFilter@2da95ea1, org.springframework.security.web.access.ExceptionTranslationFilter@814ac83, org.springframework.security.web.access.intercept.AuthorizationFilter@4f8a9d28]
2024-07-09 00:29:45,564 INFO o.s.b.d.a.OptionalLiveReloadServer [restartedMain] LiveReload server is running on port 35729
2024-07-09 00:29:45,575 INFO o.a.j.l.DirectJDKLog [restartedMain] Starting ProtocolHandler ["http-nio-8080"]
2024-07-09 00:29:45,577 INFO o.s.b.w.e.t.TomcatWebServer [restartedMain] Tomcat started on port 8080 (http) with context path ''
2024-07-09 00:29:45,581 INFO o.s.b.StartupInfoLogger [restartedMain] Started RecruitmentServiceApplication in 0.836 seconds (process running for 403.683)
2024-07-09 00:29:45,582 INFO o.s.b.d.a.ConditionEvaluationDeltaLoggingListener [restartedMain] Condition evaluation unchanged
2024-07-09 00:29:56,110 INFO o.a.j.l.DirectJDKLog [http-nio-8080-exec-2] Initializing Spring DispatcherServlet 'dispatcherServlet'
2024-07-09 00:29:56,110 INFO o.s.w.s.FrameworkServlet [http-nio-8080-exec-2] Initializing Servlet 'dispatcherServlet'
2024-07-09 00:29:56,111 INFO o.s.w.s.FrameworkServlet [http-nio-8080-exec-2] Completed initialization in 1 ms
2024-07-09 00:30:38,604 WARN c.z.h.p.HikariPool$HouseKeeper [HikariPool-2 housekeeper] HikariPool-2 - Thread starvation or clock leap detected (housekeeper delta=53s398ms673µs637ns).
2024-07-09 00:31:18,505 INFO o.s.b.d.a.LocalDevToolsAutoConfiguration$RestartingClassPathChangeChangedEventListener [File Watcher] Restarting due to 1 class path change (0 additions, 1 deletion, 0 modifications)
2024-07-09 00:31:18,507 INFO o.a.j.l.DirectJDKLog [Thread-7] Stopping ProtocolHandler ["http-nio-8080"]
2024-07-09 00:31:18,623 INFO o.s.o.j.AbstractEntityManagerFactoryBean [Thread-7] Closing JPA EntityManagerFactory for persistence unit 'default'
2024-07-09 00:31:18,623 INFO c.z.h.HikariDataSource [Thread-7] HikariPool-2 - Shutdown initiated...
2024-07-09 00:31:18,625 INFO c.z.h.HikariDataSource [Thread-7] HikariPool-2 - Shutdown completed.
2024-07-09 00:31:18,737 INFO o.s.b.StartupInfoLogger [restartedMain] Starting RecruitmentServiceApplication using Java 17.0.11 with PID 24360 (/home/lamgnaoh/Workspace/project/recruitment-service/target/classes started by lamgnaoh in /home/lamgnaoh/Workspace/project/recruitment-service)
2024-07-09 00:31:18,738 INFO o.s.b.SpringApplication [restartedMain] The following 1 profile is active: "dev"
2024-07-09 00:31:19,030 INFO o.s.d.r.c.RepositoryConfigurationDelegate [restartedMain] Multiple Spring Data modules found, entering strict repository configuration mode
2024-07-09 00:31:19,030 INFO o.s.d.r.c.RepositoryConfigurationDelegate [restartedMain] Bootstrapping Spring Data JPA repositories in DEFAULT mode.
2024-07-09 00:31:19,060 INFO o.s.d.r.c.RepositoryConfigurationDelegate [restartedMain] Finished Spring Data repository scanning in 29 ms. Found 7 JPA repository interfaces.
2024-07-09 00:31:19,066 INFO o.s.d.r.c.RepositoryConfigurationDelegate [restartedMain] Multiple Spring Data modules found, entering strict repository configuration mode
2024-07-09 00:31:19,066 INFO o.s.d.r.c.RepositoryConfigurationDelegate [restartedMain] Bootstrapping Spring Data Redis repositories in DEFAULT mode.
2024-07-09 00:31:19,070 INFO o.s.d.r.c.RepositoryConfigurationExtensionSupport [restartedMain] Spring Data Redis - Could not safely identify store assignment for repository candidate interface vn.unigap.api.repository.EmployerRepository; If you want this repository to be a Redis repository, consider annotating your entities with one of these annotations: org.springframework.data.redis.core.RedisHash (preferred), or consider extending one of the following types with your repository: org.springframework.data.keyvalue.repository.KeyValueRepository
2024-07-09 00:31:19,071 INFO o.s.d.r.c.RepositoryConfigurationExtensionSupport [restartedMain] Spring Data Redis - Could not safely identify store assignment for repository candidate interface vn.unigap.api.repository.JobFieldRepository; If you want this repository to be a Redis repository, consider annotating your entities with one of these annotations: org.springframework.data.redis.core.RedisHash (preferred), or consider extending one of the following types with your repository: org.springframework.data.keyvalue.repository.KeyValueRepository
2024-07-09 00:31:19,071 INFO o.s.d.r.c.RepositoryConfigurationExtensionSupport [restartedMain] Spring Data Redis - Could not safely identify store assignment for repository candidate interface vn.unigap.api.repository.JobReposiroty; If you want this repository to be a Redis repository, consider annotating your entities with one of these annotations: org.springframework.data.redis.core.RedisHash (preferred), or consider extending one of the following types with your repository: org.springframework.data.keyvalue.repository.KeyValueRepository
2024-07-09 00:31:19,071 INFO o.s.d.r.c.RepositoryConfigurationExtensionSupport [restartedMain] Spring Data Redis - Could not safely identify store assignment for repository candidate interface vn.unigap.api.repository.ProvinceRepository; If you want this repository to be a Redis repository, consider annotating your entities with one of these annotations: org.springframework.data.redis.core.RedisHash (preferred), or consider extending one of the following types with your repository: org.springframework.data.keyvalue.repository.KeyValueRepository
2024-07-09 00:31:19,072 INFO o.s.d.r.c.RepositoryConfigurationExtensionSupport [restartedMain] Spring Data Redis - Could not safely identify store assignment for repository candidate interface vn.unigap.api.repository.ResumeRepository; If you want this repository to be a Redis repository, consider annotating your entities with one of these annotations: org.springframework.data.redis.core.RedisHash (preferred), or consider extending one of the following types with your repository: org.springframework.data.keyvalue.repository.KeyValueRepository
2024-07-09 00:31:19,072 INFO o.s.d.r.c.RepositoryConfigurationExtensionSupport [restartedMain] Spring Data Redis - Could not safely identify store assignment for repository candidate interface vn.unigap.api.repository.SeekerRepository; If you want this repository to be a Redis repository, consider annotating your entities with one of these annotations: org.springframework.data.redis.core.RedisHash (preferred), or consider extending one of the following types with your repository: org.springframework.data.keyvalue.repository.KeyValueRepository
2024-07-09 00:31:19,072 INFO o.s.d.r.c.RepositoryConfigurationExtensionSupport [restartedMain] Spring Data Redis - Could not safely identify store assignment for repository candidate interface vn.unigap.api.repository.UserRepository; If you want this repository to be a Redis repository, consider annotating your entities with one of these annotations: org.springframework.data.redis.core.RedisHash (preferred), or consider extending one of the following types with your repository: org.springframework.data.keyvalue.repository.KeyValueRepository
2024-07-09 00:31:19,072 INFO o.s.d.r.c.RepositoryConfigurationDelegate [restartedMain] Finished Spring Data repository scanning in 5 ms. Found 0 Redis repository interfaces.
2024-07-09 00:31:19,287 INFO o.s.b.w.e.t.TomcatWebServer [restartedMain] Tomcat initialized with port 8080 (http)
2024-07-09 00:31:19,289 INFO o.a.j.l.DirectJDKLog [restartedMain] Initializing ProtocolHandler ["http-nio-8080"]
2024-07-09 00:31:19,289 INFO o.a.j.l.DirectJDKLog [restartedMain] Starting service [Tomcat]
2024-07-09 00:31:19,289 INFO o.a.j.l.DirectJDKLog [restartedMain] Starting Servlet engine: [Apache Tomcat/10.1.20]
2024-07-09 00:31:19,297 INFO o.a.j.l.DirectJDKLog [restartedMain] Initializing Spring embedded WebApplicationContext
2024-07-09 00:31:19,297 INFO o.s.b.w.s.c.ServletWebServerApplicationContext [restartedMain] Root WebApplicationContext: initialization completed in 555 ms
2024-07-09 00:31:19,408 INFO o.h.j.i.u.LogHelper [restartedMain] HHH000204: Processing PersistenceUnitInfo [name: default]
2024-07-09 00:31:19,411 INFO o.h.c.i.RegionFactoryInitiator [restartedMain] HHH000026: Second-level cache disabled
2024-07-09 00:31:19,416 INFO o.s.o.j.p.SpringPersistenceUnitInfo [restartedMain] No LoadTimeWeaver setup: ignoring JPA class transformer
2024-07-09 00:31:19,417 INFO c.z.h.HikariDataSource [restartedMain] HikariPool-3 - Starting...
2024-07-09 00:31:19,424 INFO c.z.h.p.HikariPool [restartedMain] HikariPool-3 - Added connection com.mysql.cj.jdbc.ConnectionImpl@71ea0494
2024-07-09 00:31:19,426 INFO c.z.h.HikariDataSource [restartedMain] HikariPool-3 - Start completed.
2024-07-09 00:31:19,427 WARN o.h.e.j.d.i.DialectFactoryImpl [restartedMain] HHH90000025: MySQL8Dialect does not need to be specified explicitly using 'hibernate.dialect' (remove the property setting and it will be selected by default)
2024-07-09 00:31:19,429 WARN o.h.e.j.d.i.DialectFactoryImpl [restartedMain] HHH90000026: MySQL8Dialect has been deprecated; use org.hibernate.dialect.MySQLDialect instead
2024-07-09 00:31:19,661 INFO o.h.e.t.j.p.i.JtaPlatformInitiator [restartedMain] HHH000489: No JTA platform available (set 'hibernate.transaction.jta.platform' to enable JTA platform integration)
2024-07-09 00:31:19,662 INFO o.s.o.j.AbstractEntityManagerFactoryBean [restartedMain] Initialized JPA EntityManagerFactory for persistence unit 'default'
2024-07-09 00:31:19,720 ERROR o.s.b.w.e.t.TomcatStarter [restartedMain] Error starting Tomcat context. Exception: org.springframework.beans.factory.UnsatisfiedDependencyException. Message: Error creating bean with name 'jwtAuthorizationTokenFilter' defined in file [/home/lamgnaoh/Workspace/project/recruitment-service/target/classes/vn/unigap/api/security/JwtAuthorizationTokenFilter.class]: Unsatisfied dependency expressed through constructor parameter 0: Error creating bean with name 'webSecurityConfig' defined in file [/home/lamgnaoh/Workspace/project/recruitment-service/target/classes/vn/unigap/api/config/WebSecurityConfig.class]: Unsatisfied dependency expressed through constructor parameter 2: Error creating bean with name 'jwtAuthorizationTokenFilter': Requested bean is currently in creation: Is there an unresolvable circular reference?
2024-07-09 00:31:19,722 INFO o.a.j.l.DirectJDKLog [restartedMain] Stopping service [Tomcat]
2024-07-09 00:31:19,724 WARN o.a.j.l.DirectJDKLog [restartedMain] The web application [ROOT] appears to have started a thread named [lettuce-timer-12-1] but has failed to stop it. This is very likely to create a memory leak. Stack trace of thread:
 java.base@17.0.11/java.lang.Thread.sleep(Native Method)
 app//io.netty.util.HashedWheelTimer$Worker.waitForNextTick(HashedWheelTimer.java:591)
 app//io.netty.util.HashedWheelTimer$Worker.run(HashedWheelTimer.java:487)
 app//io.netty.util.concurrent.FastThreadLocalRunnable.run(FastThreadLocalRunnable.java:30)
 java.base@17.0.11/java.lang.Thread.run(Thread.java:840)
2024-07-09 00:31:19,724 WARN o.a.j.l.DirectJDKLog [restartedMain] The web application [ROOT] appears to have started a thread named [HikariPool-3 housekeeper] but has failed to stop it. This is very likely to create a memory leak. Stack trace of thread:
 java.base@17.0.11/jdk.internal.misc.Unsafe.park(Native Method)
 java.base@17.0.11/java.util.concurrent.locks.LockSupport.parkNanos(LockSupport.java:252)
 java.base@17.0.11/java.util.concurrent.locks.AbstractQueuedSynchronizer$ConditionObject.awaitNanos(AbstractQueuedSynchronizer.java:1674)
 java.base@17.0.11/java.util.concurrent.ScheduledThreadPoolExecutor$DelayedWorkQueue.take(ScheduledThreadPoolExecutor.java:1182)
 java.base@17.0.11/java.util.concurrent.ScheduledThreadPoolExecutor$DelayedWorkQueue.take(ScheduledThreadPoolExecutor.java:899)
 java.base@17.0.11/java.util.concurrent.ThreadPoolExecutor.getTask(ThreadPoolExecutor.java:1062)
 java.base@17.0.11/java.util.concurrent.ThreadPoolExecutor.runWorker(ThreadPoolExecutor.java:1122)
 java.base@17.0.11/java.util.concurrent.ThreadPoolExecutor$Worker.run(ThreadPoolExecutor.java:635)
 java.base@17.0.11/java.lang.Thread.run(Thread.java:840)
2024-07-09 00:31:19,724 WARN o.a.j.l.DirectJDKLog [restartedMain] The web application [ROOT] appears to have started a thread named [HikariPool-3 connection adder] but has failed to stop it. This is very likely to create a memory leak. Stack trace of thread:
 java.base@17.0.11/jdk.internal.misc.Unsafe.park(Native Method)
 java.base@17.0.11/java.util.concurrent.locks.LockSupport.parkNanos(LockSupport.java:252)
 java.base@17.0.11/java.util.concurrent.locks.AbstractQueuedSynchronizer$ConditionObject.awaitNanos(AbstractQueuedSynchronizer.java:1674)
 java.base@17.0.11/java.util.concurrent.LinkedBlockingQueue.poll(LinkedBlockingQueue.java:460)
 java.base@17.0.11/java.util.concurrent.ThreadPoolExecutor.getTask(ThreadPoolExecutor.java:1061)
 java.base@17.0.11/java.util.concurrent.ThreadPoolExecutor.runWorker(ThreadPoolExecutor.java:1122)
 java.base@17.0.11/java.util.concurrent.ThreadPoolExecutor$Worker.run(ThreadPoolExecutor.java:635)
 java.base@17.0.11/java.lang.Thread.run(Thread.java:840)
2024-07-09 00:31:19,725 WARN o.s.c.s.AbstractApplicationContext [restartedMain] Exception encountered during context initialization - cancelling refresh attempt: org.springframework.context.ApplicationContextException: Unable to start web server
2024-07-09 00:31:19,725 INFO o.s.o.j.AbstractEntityManagerFactoryBean [restartedMain] Closing JPA EntityManagerFactory for persistence unit 'default'
2024-07-09 00:31:19,726 INFO c.z.h.HikariDataSource [restartedMain] HikariPool-3 - Shutdown initiated...
2024-07-09 00:31:19,727 INFO c.z.h.HikariDataSource [restartedMain] HikariPool-3 - Shutdown completed.
2024-07-09 00:31:19,840 INFO o.s.b.a.l.ConditionEvaluationReportLogger [restartedMain] 

Error starting ApplicationContext. To display the condition evaluation report re-run your application with 'debug' enabled.
2024-07-09 00:31:19,882 ERROR o.s.b.d.LoggingFailureAnalysisReporter [restartedMain] 

***************************
APPLICATION FAILED TO START
***************************

Description:

The dependencies of some of the beans in the application context form a cycle:

┌─────┐
|  jwtAuthorizationTokenFilter defined in file [/home/lamgnaoh/Workspace/project/recruitment-service/target/classes/vn/unigap/api/security/JwtAuthorizationTokenFilter.class]
↑     ↓
|  webSecurityConfig defined in file [/home/lamgnaoh/Workspace/project/recruitment-service/target/classes/vn/unigap/api/config/WebSecurityConfig.class]
└─────┘


Action:

Relying upon circular references is discouraged and they are prohibited by default. Update your application to remove the dependency cycle between beans. As a last resort, it may be possible to break the cycle automatically by setting spring.main.allow-circular-references to true.

2024-07-09 00:31:21,323 INFO o.s.b.StartupInfoLogger [restartedMain] Starting RecruitmentServiceApplication using Java 17.0.11 with PID 24360 (/home/lamgnaoh/Workspace/project/recruitment-service/target/classes started by lamgnaoh in /home/lamgnaoh/Workspace/project/recruitment-service)
2024-07-09 00:31:21,323 INFO o.s.b.SpringApplication [restartedMain] The following 1 profile is active: "dev"
2024-07-09 00:31:21,435 INFO o.s.d.r.c.RepositoryConfigurationDelegate [restartedMain] Multiple Spring Data modules found, entering strict repository configuration mode
2024-07-09 00:31:21,436 INFO o.s.d.r.c.RepositoryConfigurationDelegate [restartedMain] Bootstrapping Spring Data JPA repositories in DEFAULT mode.
2024-07-09 00:31:21,456 INFO o.s.d.r.c.RepositoryConfigurationDelegate [restartedMain] Finished Spring Data repository scanning in 20 ms. Found 7 JPA repository interfaces.
2024-07-09 00:31:21,459 INFO o.s.d.r.c.RepositoryConfigurationDelegate [restartedMain] Multiple Spring Data modules found, entering strict repository configuration mode
2024-07-09 00:31:21,459 INFO o.s.d.r.c.RepositoryConfigurationDelegate [restartedMain] Bootstrapping Spring Data Redis repositories in DEFAULT mode.
2024-07-09 00:31:21,461 INFO o.s.d.r.c.RepositoryConfigurationExtensionSupport [restartedMain] Spring Data Redis - Could not safely identify store assignment for repository candidate interface vn.unigap.api.repository.EmployerRepository; If you want this repository to be a Redis repository, consider annotating your entities with one of these annotations: org.springframework.data.redis.core.RedisHash (preferred), or consider extending one of the following types with your repository: org.springframework.data.keyvalue.repository.KeyValueRepository
2024-07-09 00:31:21,461 INFO o.s.d.r.c.RepositoryConfigurationExtensionSupport [restartedMain] Spring Data Redis - Could not safely identify store assignment for repository candidate interface vn.unigap.api.repository.JobFieldRepository; If you want this repository to be a Redis repository, consider annotating your entities with one of these annotations: org.springframework.data.redis.core.RedisHash (preferred), or consider extending one of the following types with your repository: org.springframework.data.keyvalue.repository.KeyValueRepository
2024-07-09 00:31:21,461 INFO o.s.d.r.c.RepositoryConfigurationExtensionSupport [restartedMain] Spring Data Redis - Could not safely identify store assignment for repository candidate interface vn.unigap.api.repository.JobReposiroty; If you want this repository to be a Redis repository, consider annotating your entities with one of these annotations: org.springframework.data.redis.core.RedisHash (preferred), or consider extending one of the following types with your repository: org.springframework.data.keyvalue.repository.KeyValueRepository
2024-07-09 00:31:21,461 INFO o.s.d.r.c.RepositoryConfigurationExtensionSupport [restartedMain] Spring Data Redis - Could not safely identify store assignment for repository candidate interface vn.unigap.api.repository.ProvinceRepository; If you want this repository to be a Redis repository, consider annotating your entities with one of these annotations: org.springframework.data.redis.core.RedisHash (preferred), or consider extending one of the following types with your repository: org.springframework.data.keyvalue.repository.KeyValueRepository
2024-07-09 00:31:21,461 INFO o.s.d.r.c.RepositoryConfigurationExtensionSupport [restartedMain] Spring Data Redis - Could not safely identify store assignment for repository candidate interface vn.unigap.api.repository.ResumeRepository; If you want this repository to be a Redis repository, consider annotating your entities with one of these annotations: org.springframework.data.redis.core.RedisHash (preferred), or consider extending one of the following types with your repository: org.springframework.data.keyvalue.repository.KeyValueRepository
2024-07-09 00:31:21,462 INFO o.s.d.r.c.RepositoryConfigurationExtensionSupport [restartedMain] Spring Data Redis - Could not safely identify store assignment for repository candidate interface vn.unigap.api.repository.SeekerRepository; If you want this repository to be a Redis repository, consider annotating your entities with one of these annotations: org.springframework.data.redis.core.RedisHash (preferred), or consider extending one of the following types with your repository: org.springframework.data.keyvalue.repository.KeyValueRepository
2024-07-09 00:31:21,462 INFO o.s.d.r.c.RepositoryConfigurationExtensionSupport [restartedMain] Spring Data Redis - Could not safely identify store assignment for repository candidate interface vn.unigap.api.repository.UserRepository; If you want this repository to be a Redis repository, consider annotating your entities with one of these annotations: org.springframework.data.redis.core.RedisHash (preferred), or consider extending one of the following types with your repository: org.springframework.data.keyvalue.repository.KeyValueRepository
2024-07-09 00:31:21,462 INFO o.s.d.r.c.RepositoryConfigurationDelegate [restartedMain] Finished Spring Data repository scanning in 2 ms. Found 0 Redis repository interfaces.
2024-07-09 00:31:21,538 INFO o.s.b.w.e.t.TomcatWebServer [restartedMain] Tomcat initialized with port 8080 (http)
2024-07-09 00:31:21,539 INFO o.a.j.l.DirectJDKLog [restartedMain] Initializing ProtocolHandler ["http-nio-8080"]
2024-07-09 00:31:21,539 INFO o.a.j.l.DirectJDKLog [restartedMain] Starting service [Tomcat]
2024-07-09 00:31:21,539 INFO o.a.j.l.DirectJDKLog [restartedMain] Starting Servlet engine: [Apache Tomcat/10.1.20]
2024-07-09 00:31:21,544 INFO o.a.j.l.DirectJDKLog [restartedMain] Initializing Spring embedded WebApplicationContext
2024-07-09 00:31:21,544 INFO o.s.b.w.s.c.ServletWebServerApplicationContext [restartedMain] Root WebApplicationContext: initialization completed in 220 ms
2024-07-09 00:31:21,583 INFO o.h.j.i.u.LogHelper [restartedMain] HHH000204: Processing PersistenceUnitInfo [name: default]
2024-07-09 00:31:21,585 INFO o.h.c.i.RegionFactoryInitiator [restartedMain] HHH000026: Second-level cache disabled
2024-07-09 00:31:21,587 INFO o.s.o.j.p.SpringPersistenceUnitInfo [restartedMain] No LoadTimeWeaver setup: ignoring JPA class transformer
2024-07-09 00:31:21,588 INFO c.z.h.HikariDataSource [restartedMain] HikariPool-4 - Starting...
2024-07-09 00:31:21,590 INFO c.z.h.p.HikariPool [restartedMain] HikariPool-4 - Added connection com.mysql.cj.jdbc.ConnectionImpl@73dc1b73
2024-07-09 00:31:21,591 INFO c.z.h.HikariDataSource [restartedMain] HikariPool-4 - Start completed.
2024-07-09 00:31:21,591 WARN o.h.e.j.d.i.DialectFactoryImpl [restartedMain] HHH90000025: MySQL8Dialect does not need to be specified explicitly using 'hibernate.dialect' (remove the property setting and it will be selected by default)
2024-07-09 00:31:21,591 WARN o.h.e.j.d.i.DialectFactoryImpl [restartedMain] HHH90000026: MySQL8Dialect has been deprecated; use org.hibernate.dialect.MySQLDialect instead
2024-07-09 00:31:21,683 INFO o.h.e.t.j.p.i.JtaPlatformInitiator [restartedMain] HHH000489: No JTA platform available (set 'hibernate.transaction.jta.platform' to enable JTA platform integration)
2024-07-09 00:31:21,684 INFO o.s.o.j.AbstractEntityManagerFactoryBean [restartedMain] Initialized JPA EntityManagerFactory for persistence unit 'default'
2024-07-09 00:31:21,727 ERROR o.s.b.w.e.t.TomcatStarter [restartedMain] Error starting Tomcat context. Exception: org.springframework.beans.factory.UnsatisfiedDependencyException. Message: Error creating bean with name 'jwtAuthorizationTokenFilter' defined in file [/home/lamgnaoh/Workspace/project/recruitment-service/target/classes/vn/unigap/api/security/JwtAuthorizationTokenFilter.class]: Unsatisfied dependency expressed through constructor parameter 0: Error creating bean with name 'webSecurityConfig' defined in file [/home/lamgnaoh/Workspace/project/recruitment-service/target/classes/vn/unigap/api/config/WebSecurityConfig.class]: Unsatisfied dependency expressed through constructor parameter 2: Error creating bean with name 'jwtAuthorizationTokenFilter': Requested bean is currently in creation: Is there an unresolvable circular reference?
2024-07-09 00:31:21,728 INFO o.a.j.l.DirectJDKLog [restartedMain] Stopping service [Tomcat]
2024-07-09 00:31:21,730 WARN o.a.j.l.DirectJDKLog [restartedMain] The web application [ROOT] appears to have started a thread named [lettuce-timer-14-1] but has failed to stop it. This is very likely to create a memory leak. Stack trace of thread:
 java.base@17.0.11/java.lang.Thread.sleep(Native Method)
 app//io.netty.util.HashedWheelTimer$Worker.waitForNextTick(HashedWheelTimer.java:591)
 app//io.netty.util.HashedWheelTimer$Worker.run(HashedWheelTimer.java:487)
 app//io.netty.util.concurrent.FastThreadLocalRunnable.run(FastThreadLocalRunnable.java:30)
 java.base@17.0.11/java.lang.Thread.run(Thread.java:840)
2024-07-09 00:31:21,730 WARN o.a.j.l.DirectJDKLog [restartedMain] The web application [ROOT] appears to have started a thread named [HikariPool-4 housekeeper] but has failed to stop it. This is very likely to create a memory leak. Stack trace of thread:
 java.base@17.0.11/jdk.internal.misc.Unsafe.park(Native Method)
 java.base@17.0.11/java.util.concurrent.locks.LockSupport.parkNanos(LockSupport.java:252)
 java.base@17.0.11/java.util.concurrent.locks.AbstractQueuedSynchronizer$ConditionObject.awaitNanos(AbstractQueuedSynchronizer.java:1674)
 java.base@17.0.11/java.util.concurrent.ScheduledThreadPoolExecutor$DelayedWorkQueue.take(ScheduledThreadPoolExecutor.java:1182)
 java.base@17.0.11/java.util.concurrent.ScheduledThreadPoolExecutor$DelayedWorkQueue.take(ScheduledThreadPoolExecutor.java:899)
 java.base@17.0.11/java.util.concurrent.ThreadPoolExecutor.getTask(ThreadPoolExecutor.java:1062)
 java.base@17.0.11/java.util.concurrent.ThreadPoolExecutor.runWorker(ThreadPoolExecutor.java:1122)
 java.base@17.0.11/java.util.concurrent.ThreadPoolExecutor$Worker.run(ThreadPoolExecutor.java:635)
 java.base@17.0.11/java.lang.Thread.run(Thread.java:840)
2024-07-09 00:31:21,730 WARN o.a.j.l.DirectJDKLog [restartedMain] The web application [ROOT] appears to have started a thread named [HikariPool-4 connection adder] but has failed to stop it. This is very likely to create a memory leak. Stack trace of thread:
 java.base@17.0.11/sun.nio.ch.Net.poll(Native Method)
 java.base@17.0.11/sun.nio.ch.NioSocketImpl.park(NioSocketImpl.java:186)
 java.base@17.0.11/sun.nio.ch.NioSocketImpl.timedRead(NioSocketImpl.java:290)
 java.base@17.0.11/sun.nio.ch.NioSocketImpl.implRead(NioSocketImpl.java:314)
 java.base@17.0.11/sun.nio.ch.NioSocketImpl.read(NioSocketImpl.java:355)
 java.base@17.0.11/sun.nio.ch.NioSocketImpl$1.read(NioSocketImpl.java:808)
 java.base@17.0.11/java.net.Socket$SocketInputStream.read(Socket.java:966)
 app//com.mysql.cj.protocol.ReadAheadInputStream.fill(ReadAheadInputStream.java:107)
 app//com.mysql.cj.protocol.ReadAheadInputStream.readFromUnderlyingStreamIfNecessary(ReadAheadInputStream.java:150)
 app//com.mysql.cj.protocol.ReadAheadInputStream.read(ReadAheadInputStream.java:180)
 java.base@17.0.11/java.io.FilterInputStream.read(FilterInputStream.java:132)
 app//com.mysql.cj.protocol.FullReadInputStream.readFully(FullReadInputStream.java:64)
 app//com.mysql.cj.protocol.a.SimplePacketReader.readHeaderLocal(SimplePacketReader.java:81)
 app//com.mysql.cj.protocol.a.SimplePacketReader.readHeader(SimplePacketReader.java:63)
 app//com.mysql.cj.protocol.a.SimplePacketReader.readHeader(SimplePacketReader.java:45)
 app//com.mysql.cj.protocol.a.NativeProtocol.readMessage(NativeProtocol.java:576)
 app//com.mysql.cj.protocol.a.NativeProtocol.readServerCapabilities(NativeProtocol.java:537)
 app//com.mysql.cj.protocol.a.NativeProtocol.beforeHandshake(NativeProtocol.java:425)
 app//com.mysql.cj.protocol.a.NativeProtocol.connect(NativeProtocol.java:1426)
 app//com.mysql.cj.NativeSession.connect(NativeSession.java:133)
 app//com.mysql.cj.jdbc.ConnectionImpl.connectOneTryOnly(ConnectionImpl.java:935)
 app//com.mysql.cj.jdbc.ConnectionImpl.createNewIO(ConnectionImpl.java:805)
 app//com.mysql.cj.jdbc.ConnectionImpl.<init>(ConnectionImpl.java:438)
 app//com.mysql.cj.jdbc.ConnectionImpl.getInstance(ConnectionImpl.java:241)
 app//com.mysql.cj.jdbc.NonRegisteringDriver.connect(NonRegisteringDriver.java:189)
 app//com.zaxxer.hikari.util.DriverDataSource.getConnection(DriverDataSource.java:138)
 app//com.zaxxer.hikari.pool.PoolBase.newConnection(PoolBase.java:359)
 app//com.zaxxer.hikari.pool.PoolBase.newPoolEntry(PoolBase.java:201)
 app//com.zaxxer.hikari.pool.HikariPool.createPoolEntry(HikariPool.java:470)
 app//com.zaxxer.hikari.pool.HikariPool$PoolEntryCreator.call(HikariPool.java:733)
 app//com.zaxxer.hikari.pool.HikariPool$PoolEntryCreator.call(HikariPool.java:712)
 java.base@17.0.11/java.util.concurrent.FutureTask.run$$$capture(FutureTask.java:264)
 java.base@17.0.11/java.util.concurrent.FutureTask.run(FutureTask.java)
 java.base@17.0.11/java.util.concurrent.ThreadPoolExecutor.runWorker(ThreadPoolExecutor.java:1136)
 java.base@17.0.11/java.util.concurrent.ThreadPoolExecutor$Worker.run(ThreadPoolExecutor.java:635)
 java.base@17.0.11/java.lang.Thread.run(Thread.java:840)
2024-07-09 00:31:21,731 WARN o.s.c.s.AbstractApplicationContext [restartedMain] Exception encountered during context initialization - cancelling refresh attempt: org.springframework.context.ApplicationContextException: Unable to start web server
2024-07-09 00:31:21,731 INFO o.s.o.j.AbstractEntityManagerFactoryBean [restartedMain] Closing JPA EntityManagerFactory for persistence unit 'default'
2024-07-09 00:31:21,731 INFO c.z.h.HikariDataSource [restartedMain] HikariPool-4 - Shutdown initiated...
2024-07-09 00:31:21,742 INFO c.z.h.HikariDataSource [restartedMain] HikariPool-4 - Shutdown completed.
2024-07-09 00:31:21,853 INFO o.s.b.a.l.ConditionEvaluationReportLogger [restartedMain] 

Error starting ApplicationContext. To display the condition evaluation report re-run your application with 'debug' enabled.
2024-07-09 00:31:21,858 ERROR o.s.b.d.LoggingFailureAnalysisReporter [restartedMain] 

***************************
APPLICATION FAILED TO START
***************************

Description:

The dependencies of some of the beans in the application context form a cycle:

┌─────┐
|  jwtAuthorizationTokenFilter defined in file [/home/lamgnaoh/Workspace/project/recruitment-service/target/classes/vn/unigap/api/security/JwtAuthorizationTokenFilter.class]
↑     ↓
|  webSecurityConfig defined in file [/home/lamgnaoh/Workspace/project/recruitment-service/target/classes/vn/unigap/api/config/WebSecurityConfig.class]
└─────┘


Action:

Relying upon circular references is discouraged and they are prohibited by default. Update your application to remove the dependency cycle between beans. As a last resort, it may be possible to break the cycle automatically by setting spring.main.allow-circular-references to true.

2024-07-09 00:31:55,058 INFO o.h.v.i.u.Version [background-preinit] HV000001: Hibernate Validator 8.0.1.Final
2024-07-09 00:31:55,083 INFO o.s.b.StartupInfoLogger [restartedMain] Starting RecruitmentServiceApplication using Java 17.0.11 with PID 26240 (/home/lamgnaoh/Workspace/project/recruitment-service/target/classes started by lamgnaoh in /home/lamgnaoh/Workspace/project/recruitment-service)
2024-07-09 00:31:55,084 INFO o.s.b.SpringApplication [restartedMain] The following 1 profile is active: "dev"
2024-07-09 00:31:55,116 INFO o.s.b.l.DeferredLog [restartedMain] Devtools property defaults active! Set 'spring.devtools.add-properties' to 'false' to disable
2024-07-09 00:31:55,117 INFO o.s.b.l.DeferredLog [restartedMain] For additional web related logging consider setting the 'logging.level.web' property to 'DEBUG'
2024-07-09 00:31:55,982 INFO o.s.d.r.c.RepositoryConfigurationDelegate [restartedMain] Multiple Spring Data modules found, entering strict repository configuration mode
2024-07-09 00:31:55,983 INFO o.s.d.r.c.RepositoryConfigurationDelegate [restartedMain] Bootstrapping Spring Data JPA repositories in DEFAULT mode.
2024-07-09 00:31:56,119 INFO o.s.d.r.c.RepositoryConfigurationDelegate [restartedMain] Finished Spring Data repository scanning in 130 ms. Found 7 JPA repository interfaces.
2024-07-09 00:31:56,130 INFO o.s.d.r.c.RepositoryConfigurationDelegate [restartedMain] Multiple Spring Data modules found, entering strict repository configuration mode
2024-07-09 00:31:56,131 INFO o.s.d.r.c.RepositoryConfigurationDelegate [restartedMain] Bootstrapping Spring Data Redis repositories in DEFAULT mode.
2024-07-09 00:31:56,144 INFO o.s.d.r.c.RepositoryConfigurationExtensionSupport [restartedMain] Spring Data Redis - Could not safely identify store assignment for repository candidate interface vn.unigap.api.repository.EmployerRepository; If you want this repository to be a Redis repository, consider annotating your entities with one of these annotations: org.springframework.data.redis.core.RedisHash (preferred), or consider extending one of the following types with your repository: org.springframework.data.keyvalue.repository.KeyValueRepository
2024-07-09 00:31:56,144 INFO o.s.d.r.c.RepositoryConfigurationExtensionSupport [restartedMain] Spring Data Redis - Could not safely identify store assignment for repository candidate interface vn.unigap.api.repository.JobFieldRepository; If you want this repository to be a Redis repository, consider annotating your entities with one of these annotations: org.springframework.data.redis.core.RedisHash (preferred), or consider extending one of the following types with your repository: org.springframework.data.keyvalue.repository.KeyValueRepository
2024-07-09 00:31:56,144 INFO o.s.d.r.c.RepositoryConfigurationExtensionSupport [restartedMain] Spring Data Redis - Could not safely identify store assignment for repository candidate interface vn.unigap.api.repository.JobReposiroty; If you want this repository to be a Redis repository, consider annotating your entities with one of these annotations: org.springframework.data.redis.core.RedisHash (preferred), or consider extending one of the following types with your repository: org.springframework.data.keyvalue.repository.KeyValueRepository
2024-07-09 00:31:56,144 INFO o.s.d.r.c.RepositoryConfigurationExtensionSupport [restartedMain] Spring Data Redis - Could not safely identify store assignment for repository candidate interface vn.unigap.api.repository.ProvinceRepository; If you want this repository to be a Redis repository, consider annotating your entities with one of these annotations: org.springframework.data.redis.core.RedisHash (preferred), or consider extending one of the following types with your repository: org.springframework.data.keyvalue.repository.KeyValueRepository
2024-07-09 00:31:56,145 INFO o.s.d.r.c.RepositoryConfigurationExtensionSupport [restartedMain] Spring Data Redis - Could not safely identify store assignment for repository candidate interface vn.unigap.api.repository.ResumeRepository; If you want this repository to be a Redis repository, consider annotating your entities with one of these annotations: org.springframework.data.redis.core.RedisHash (preferred), or consider extending one of the following types with your repository: org.springframework.data.keyvalue.repository.KeyValueRepository
2024-07-09 00:31:56,145 INFO o.s.d.r.c.RepositoryConfigurationExtensionSupport [restartedMain] Spring Data Redis - Could not safely identify store assignment for repository candidate interface vn.unigap.api.repository.SeekerRepository; If you want this repository to be a Redis repository, consider annotating your entities with one of these annotations: org.springframework.data.redis.core.RedisHash (preferred), or consider extending one of the following types with your repository: org.springframework.data.keyvalue.repository.KeyValueRepository
2024-07-09 00:31:56,145 INFO o.s.d.r.c.RepositoryConfigurationExtensionSupport [restartedMain] Spring Data Redis - Could not safely identify store assignment for repository candidate interface vn.unigap.api.repository.UserRepository; If you want this repository to be a Redis repository, consider annotating your entities with one of these annotations: org.springframework.data.redis.core.RedisHash (preferred), or consider extending one of the following types with your repository: org.springframework.data.keyvalue.repository.KeyValueRepository
2024-07-09 00:31:56,145 INFO o.s.d.r.c.RepositoryConfigurationDelegate [restartedMain] Finished Spring Data repository scanning in 7 ms. Found 0 Redis repository interfaces.
2024-07-09 00:31:56,592 INFO o.s.b.w.e.t.TomcatWebServer [restartedMain] Tomcat initialized with port 8080 (http)
2024-07-09 00:31:56,598 INFO o.a.j.l.DirectJDKLog [restartedMain] Initializing ProtocolHandler ["http-nio-8080"]
2024-07-09 00:31:56,599 INFO o.a.j.l.DirectJDKLog [restartedMain] Starting service [Tomcat]
2024-07-09 00:31:56,599 INFO o.a.j.l.DirectJDKLog [restartedMain] Starting Servlet engine: [Apache Tomcat/10.1.20]
2024-07-09 00:31:56,625 INFO o.a.j.l.DirectJDKLog [restartedMain] Initializing Spring embedded WebApplicationContext
2024-07-09 00:31:56,625 INFO o.s.b.w.s.c.ServletWebServerApplicationContext [restartedMain] Root WebApplicationContext: initialization completed in 1508 ms
2024-07-09 00:31:56,853 INFO o.h.j.i.u.LogHelper [restartedMain] HHH000204: Processing PersistenceUnitInfo [name: default]
2024-07-09 00:31:56,888 INFO o.h.Version [restartedMain] HHH000412: Hibernate ORM core version 6.4.4.Final
2024-07-09 00:31:56,908 INFO o.h.c.i.RegionFactoryInitiator [restartedMain] HHH000026: Second-level cache disabled
2024-07-09 00:31:57,039 INFO o.s.o.j.p.SpringPersistenceUnitInfo [restartedMain] No LoadTimeWeaver setup: ignoring JPA class transformer
2024-07-09 00:31:57,056 INFO c.z.h.HikariDataSource [restartedMain] HikariPool-1 - Starting...
2024-07-09 00:31:57,156 INFO c.z.h.p.HikariPool [restartedMain] HikariPool-1 - Added connection com.mysql.cj.jdbc.ConnectionImpl@4da0b6e1
2024-07-09 00:31:57,158 INFO c.z.h.HikariDataSource [restartedMain] HikariPool-1 - Start completed.
2024-07-09 00:31:57,184 WARN o.h.e.j.d.i.DialectFactoryImpl [restartedMain] HHH90000025: MySQL8Dialect does not need to be specified explicitly using 'hibernate.dialect' (remove the property setting and it will be selected by default)
2024-07-09 00:31:57,185 WARN o.h.e.j.d.i.DialectFactoryImpl [restartedMain] HHH90000026: MySQL8Dialect has been deprecated; use org.hibernate.dialect.MySQLDialect instead
2024-07-09 00:31:57,889 INFO o.h.e.t.j.p.i.JtaPlatformInitiator [restartedMain] HHH000489: No JTA platform available (set 'hibernate.transaction.jta.platform' to enable JTA platform integration)
2024-07-09 00:31:57,892 INFO o.s.o.j.AbstractEntityManagerFactoryBean [restartedMain] Initialized JPA EntityManagerFactory for persistence unit 'default'
2024-07-09 00:31:58,365 WARN o.s.b.a.o.j.JpaBaseConfiguration$JpaWebConfiguration [restartedMain] spring.jpa.open-in-view is enabled by default. Therefore, database queries may be performed during view rendering. Explicitly configure spring.jpa.open-in-view to disable this warning
2024-07-09 00:31:58,578 INFO o.s.s.w.DefaultSecurityFilterChain [restartedMain] Will secure any request with [org.springframework.security.web.session.DisableEncodeUrlFilter@528dfa23, org.springframework.security.web.context.request.async.WebAsyncManagerIntegrationFilter@285b158f, org.springframework.security.web.context.SecurityContextHolderFilter@34cfc222, org.springframework.security.web.header.HeaderWriterFilter@65f63d0d, org.springframework.web.filter.CorsFilter@f8138ca, org.springframework.security.web.authentication.logout.LogoutFilter@12a63d30, vn.unigap.api.security.JwtAuthorizationTokenFilter@39e92efb, org.springframework.security.web.savedrequest.RequestCacheAwareFilter@2d7151fb, org.springframework.security.web.servletapi.SecurityContextHolderAwareRequestFilter@58062209, org.springframework.security.web.authentication.AnonymousAuthenticationFilter@57573957, org.springframework.security.web.access.ExceptionTranslationFilter@50ec4bf4, org.springframework.security.web.access.intercept.AuthorizationFilter@51656934]
2024-07-09 00:31:58,809 INFO o.s.b.d.a.OptionalLiveReloadServer [restartedMain] LiveReload server is running on port 35729
2024-07-09 00:31:58,831 INFO o.a.j.l.DirectJDKLog [restartedMain] Starting ProtocolHandler ["http-nio-8080"]
2024-07-09 00:31:58,841 INFO o.s.b.w.e.t.TomcatWebServer [restartedMain] Tomcat started on port 8080 (http) with context path ''
2024-07-09 00:31:58,849 INFO o.s.b.StartupInfoLogger [restartedMain] Started RecruitmentServiceApplication in 4.172 seconds (process running for 4.675)
2024-07-09 00:32:01,022 INFO o.a.j.l.DirectJDKLog [http-nio-8080-exec-2] Initializing Spring DispatcherServlet 'dispatcherServlet'
2024-07-09 00:32:01,023 INFO o.s.w.s.FrameworkServlet [http-nio-8080-exec-2] Initializing Servlet 'dispatcherServlet'
2024-07-09 00:32:01,024 INFO o.s.w.s.FrameworkServlet [http-nio-8080-exec-2] Completed initialization in 1 ms
2024-07-09 00:32:13,745 INFO v.u.a.s.JwtAuthorizationTokenFilter [http-nio-8080-exec-2] authorizated user 'admin@recruit.service.com', setting security context
2024-07-09 00:32:37,093 INFO v.u.a.s.JwtAuthorizationTokenFilter [http-nio-8080-exec-3] authorizated user 'admin@recruit.service.com', setting security context
2024-07-09 00:33:29,919 WARN c.z.h.p.HikariPool$HouseKeeper [HikariPool-1 housekeeper] HikariPool-1 - Thread starvation or clock leap detected (housekeeper delta=1m2s660ms876µs299ns).
2024-07-09 00:33:49,514 INFO o.s.o.j.AbstractEntityManagerFactoryBean [SpringApplicationShutdownHook] Closing JPA EntityManagerFactory for persistence unit 'default'
2024-07-09 00:33:49,528 INFO c.z.h.HikariDataSource [SpringApplicationShutdownHook] HikariPool-1 - Shutdown initiated...
2024-07-09 00:33:49,537 INFO c.z.h.HikariDataSource [SpringApplicationShutdownHook] HikariPool-1 - Shutdown completed.
2024-07-09 00:33:51,592 INFO o.h.v.i.u.Version [background-preinit] HV000001: Hibernate Validator 8.0.1.Final
2024-07-09 00:33:51,619 INFO o.s.b.StartupInfoLogger [restartedMain] Starting RecruitmentServiceApplication using Java 17.0.11 with PID 26834 (/home/lamgnaoh/Workspace/project/recruitment-service/target/classes started by lamgnaoh in /home/lamgnaoh/Workspace/project/recruitment-service)
2024-07-09 00:33:51,620 INFO o.s.b.SpringApplication [restartedMain] The following 1 profile is active: "dev"
2024-07-09 00:33:51,652 INFO o.s.b.l.DeferredLog [restartedMain] Devtools property defaults active! Set 'spring.devtools.add-properties' to 'false' to disable
2024-07-09 00:33:51,653 INFO o.s.b.l.DeferredLog [restartedMain] For additional web related logging consider setting the 'logging.level.web' property to 'DEBUG'
2024-07-09 00:33:52,233 INFO o.s.d.r.c.RepositoryConfigurationDelegate [restartedMain] Multiple Spring Data modules found, entering strict repository configuration mode
2024-07-09 00:33:52,234 INFO o.s.d.r.c.RepositoryConfigurationDelegate [restartedMain] Bootstrapping Spring Data JPA repositories in DEFAULT mode.
2024-07-09 00:33:52,341 INFO o.s.d.r.c.RepositoryConfigurationDelegate [restartedMain] Finished Spring Data repository scanning in 100 ms. Found 7 JPA repository interfaces.
2024-07-09 00:33:52,353 INFO o.s.d.r.c.RepositoryConfigurationDelegate [restartedMain] Multiple Spring Data modules found, entering strict repository configuration mode
2024-07-09 00:33:52,354 INFO o.s.d.r.c.RepositoryConfigurationDelegate [restartedMain] Bootstrapping Spring Data Redis repositories in DEFAULT mode.
2024-07-09 00:33:52,365 INFO o.s.d.r.c.RepositoryConfigurationExtensionSupport [restartedMain] Spring Data Redis - Could not safely identify store assignment for repository candidate interface vn.unigap.api.repository.EmployerRepository; If you want this repository to be a Redis repository, consider annotating your entities with one of these annotations: org.springframework.data.redis.core.RedisHash (preferred), or consider extending one of the following types with your repository: org.springframework.data.keyvalue.repository.KeyValueRepository
2024-07-09 00:33:52,366 INFO o.s.d.r.c.RepositoryConfigurationExtensionSupport [restartedMain] Spring Data Redis - Could not safely identify store assignment for repository candidate interface vn.unigap.api.repository.JobFieldRepository; If you want this repository to be a Redis repository, consider annotating your entities with one of these annotations: org.springframework.data.redis.core.RedisHash (preferred), or consider extending one of the following types with your repository: org.springframework.data.keyvalue.repository.KeyValueRepository
2024-07-09 00:33:52,366 INFO o.s.d.r.c.RepositoryConfigurationExtensionSupport [restartedMain] Spring Data Redis - Could not safely identify store assignment for repository candidate interface vn.unigap.api.repository.JobReposiroty; If you want this repository to be a Redis repository, consider annotating your entities with one of these annotations: org.springframework.data.redis.core.RedisHash (preferred), or consider extending one of the following types with your repository: org.springframework.data.keyvalue.repository.KeyValueRepository
2024-07-09 00:33:52,366 INFO o.s.d.r.c.RepositoryConfigurationExtensionSupport [restartedMain] Spring Data Redis - Could not safely identify store assignment for repository candidate interface vn.unigap.api.repository.ProvinceRepository; If you want this repository to be a Redis repository, consider annotating your entities with one of these annotations: org.springframework.data.redis.core.RedisHash (preferred), or consider extending one of the following types with your repository: org.springframework.data.keyvalue.repository.KeyValueRepository
2024-07-09 00:33:52,366 INFO o.s.d.r.c.RepositoryConfigurationExtensionSupport [restartedMain] Spring Data Redis - Could not safely identify store assignment for repository candidate interface vn.unigap.api.repository.ResumeRepository; If you want this repository to be a Redis repository, consider annotating your entities with one of these annotations: org.springframework.data.redis.core.RedisHash (preferred), or consider extending one of the following types with your repository: org.springframework.data.keyvalue.repository.KeyValueRepository
2024-07-09 00:33:52,366 INFO o.s.d.r.c.RepositoryConfigurationExtensionSupport [restartedMain] Spring Data Redis - Could not safely identify store assignment for repository candidate interface vn.unigap.api.repository.SeekerRepository; If you want this repository to be a Redis repository, consider annotating your entities with one of these annotations: org.springframework.data.redis.core.RedisHash (preferred), or consider extending one of the following types with your repository: org.springframework.data.keyvalue.repository.KeyValueRepository
2024-07-09 00:33:52,366 INFO o.s.d.r.c.RepositoryConfigurationExtensionSupport [restartedMain] Spring Data Redis - Could not safely identify store assignment for repository candidate interface vn.unigap.api.repository.UserRepository; If you want this repository to be a Redis repository, consider annotating your entities with one of these annotations: org.springframework.data.redis.core.RedisHash (preferred), or consider extending one of the following types with your repository: org.springframework.data.keyvalue.repository.KeyValueRepository
2024-07-09 00:33:52,367 INFO o.s.d.r.c.RepositoryConfigurationDelegate [restartedMain] Finished Spring Data repository scanning in 6 ms. Found 0 Redis repository interfaces.
2024-07-09 00:33:52,832 INFO o.s.b.w.e.t.TomcatWebServer [restartedMain] Tomcat initialized with port 8080 (http)
2024-07-09 00:33:52,839 INFO o.a.j.l.DirectJDKLog [restartedMain] Initializing ProtocolHandler ["http-nio-8080"]
2024-07-09 00:33:52,840 INFO o.a.j.l.DirectJDKLog [restartedMain] Starting service [Tomcat]
2024-07-09 00:33:52,841 INFO o.a.j.l.DirectJDKLog [restartedMain] Starting Servlet engine: [Apache Tomcat/10.1.20]
2024-07-09 00:33:52,866 INFO o.a.j.l.DirectJDKLog [restartedMain] Initializing Spring embedded WebApplicationContext
2024-07-09 00:33:52,866 INFO o.s.b.w.s.c.ServletWebServerApplicationContext [restartedMain] Root WebApplicationContext: initialization completed in 1213 ms
2024-07-09 00:33:53,102 INFO o.h.j.i.u.LogHelper [restartedMain] HHH000204: Processing PersistenceUnitInfo [name: default]
2024-07-09 00:33:53,139 INFO o.h.Version [restartedMain] HHH000412: Hibernate ORM core version 6.4.4.Final
2024-07-09 00:33:53,162 INFO o.h.c.i.RegionFactoryInitiator [restartedMain] HHH000026: Second-level cache disabled
2024-07-09 00:33:53,348 INFO o.s.o.j.p.SpringPersistenceUnitInfo [restartedMain] No LoadTimeWeaver setup: ignoring JPA class transformer
2024-07-09 00:33:53,394 INFO c.z.h.HikariDataSource [restartedMain] HikariPool-1 - Starting...
2024-07-09 00:33:53,578 INFO c.z.h.p.HikariPool [restartedMain] HikariPool-1 - Added connection com.mysql.cj.jdbc.ConnectionImpl@31bd82a6
2024-07-09 00:33:53,580 INFO c.z.h.HikariDataSource [restartedMain] HikariPool-1 - Start completed.
2024-07-09 00:33:53,648 WARN o.h.e.j.d.i.DialectFactoryImpl [restartedMain] HHH90000025: MySQL8Dialect does not need to be specified explicitly using 'hibernate.dialect' (remove the property setting and it will be selected by default)
2024-07-09 00:33:53,650 WARN o.h.e.j.d.i.DialectFactoryImpl [restartedMain] HHH90000026: MySQL8Dialect has been deprecated; use org.hibernate.dialect.MySQLDialect instead
2024-07-09 00:33:54,604 INFO o.h.e.t.j.p.i.JtaPlatformInitiator [restartedMain] HHH000489: No JTA platform available (set 'hibernate.transaction.jta.platform' to enable JTA platform integration)
2024-07-09 00:33:54,606 INFO o.s.o.j.AbstractEntityManagerFactoryBean [restartedMain] Initialized JPA EntityManagerFactory for persistence unit 'default'
2024-07-09 00:33:55,099 WARN o.s.b.a.o.j.JpaBaseConfiguration$JpaWebConfiguration [restartedMain] spring.jpa.open-in-view is enabled by default. Therefore, database queries may be performed during view rendering. Explicitly configure spring.jpa.open-in-view to disable this warning
2024-07-09 00:33:55,312 INFO o.s.s.w.DefaultSecurityFilterChain [restartedMain] Will secure any request with [org.springframework.security.web.session.DisableEncodeUrlFilter@515c0e5c, org.springframework.security.web.context.request.async.WebAsyncManagerIntegrationFilter@bf7afb5, org.springframework.security.web.context.SecurityContextHolderFilter@37006b55, org.springframework.security.web.header.HeaderWriterFilter@4de740cc, org.springframework.web.filter.CorsFilter@12a33db0, org.springframework.security.web.authentication.logout.LogoutFilter@77198824, vn.unigap.api.security.JwtAuthorizationTokenFilter@33c2dbe5, org.springframework.security.web.savedrequest.RequestCacheAwareFilter@41d7a2b8, org.springframework.security.web.servletapi.SecurityContextHolderAwareRequestFilter@5e5d7e2d, org.springframework.security.web.authentication.AnonymousAuthenticationFilter@72a67bfb, org.springframework.security.web.access.ExceptionTranslationFilter@5662d13c, org.springframework.security.web.access.intercept.AuthorizationFilter@56218a08]
2024-07-09 00:33:55,528 INFO o.s.b.d.a.OptionalLiveReloadServer [restartedMain] LiveReload server is running on port 35729
2024-07-09 00:33:55,545 INFO o.a.j.l.DirectJDKLog [restartedMain] Starting ProtocolHandler ["http-nio-8080"]
2024-07-09 00:33:55,554 INFO o.s.b.w.e.t.TomcatWebServer [restartedMain] Tomcat started on port 8080 (http) with context path ''
2024-07-09 00:33:55,562 INFO o.s.b.StartupInfoLogger [restartedMain] Started RecruitmentServiceApplication in 4.328 seconds (process running for 4.853)
2024-07-09 00:33:58,921 INFO o.a.j.l.DirectJDKLog [http-nio-8080-exec-2] Initializing Spring DispatcherServlet 'dispatcherServlet'
2024-07-09 00:33:58,921 INFO o.s.w.s.FrameworkServlet [http-nio-8080-exec-2] Initializing Servlet 'dispatcherServlet'
2024-07-09 00:33:58,922 INFO o.s.w.s.FrameworkServlet [http-nio-8080-exec-2] Completed initialization in 1 ms
2024-07-09 00:34:05,879 INFO v.u.a.s.JwtAuthorizationTokenFilter [http-nio-8080-exec-2] authorizated user 'admin@recruit.service.com', setting security context
2024-07-09 00:35:31,243 WARN c.z.h.p.HikariPool$HouseKeeper [HikariPool-1 housekeeper] HikariPool-1 - Thread starvation or clock leap detected (housekeeper delta=1m2s806ms887µs308ns).
2024-07-09 00:35:36,579 INFO o.s.o.j.AbstractEntityManagerFactoryBean [SpringApplicationShutdownHook] Closing JPA EntityManagerFactory for persistence unit 'default'
2024-07-09 00:35:36,584 INFO c.z.h.HikariDataSource [SpringApplicationShutdownHook] HikariPool-1 - Shutdown initiated...
2024-07-09 00:35:36,589 INFO c.z.h.HikariDataSource [SpringApplicationShutdownHook] HikariPool-1 - Shutdown completed.
2024-07-09 00:35:39,128 INFO o.h.v.i.u.Version [background-preinit] HV000001: Hibernate Validator 8.0.1.Final
2024-07-09 00:35:39,156 INFO o.s.b.StartupInfoLogger [restartedMain] Starting RecruitmentServiceApplication using Java 17.0.11 with PID 27391 (/home/lamgnaoh/Workspace/project/recruitment-service/target/classes started by lamgnaoh in /home/lamgnaoh/Workspace/project/recruitment-service)
2024-07-09 00:35:39,157 INFO o.s.b.SpringApplication [restartedMain] The following 1 profile is active: "dev"
2024-07-09 00:35:39,188 INFO o.s.b.l.DeferredLog [restartedMain] Devtools property defaults active! Set 'spring.devtools.add-properties' to 'false' to disable
2024-07-09 00:35:39,188 INFO o.s.b.l.DeferredLog [restartedMain] For additional web related logging consider setting the 'logging.level.web' property to 'DEBUG'
2024-07-09 00:35:39,729 INFO o.s.d.r.c.RepositoryConfigurationDelegate [restartedMain] Multiple Spring Data modules found, entering strict repository configuration mode
2024-07-09 00:35:39,731 INFO o.s.d.r.c.RepositoryConfigurationDelegate [restartedMain] Bootstrapping Spring Data JPA repositories in DEFAULT mode.
2024-07-09 00:35:39,825 INFO o.s.d.r.c.RepositoryConfigurationDelegate [restartedMain] Finished Spring Data repository scanning in 90 ms. Found 7 JPA repository interfaces.
2024-07-09 00:35:39,835 INFO o.s.d.r.c.RepositoryConfigurationDelegate [restartedMain] Multiple Spring Data modules found, entering strict repository configuration mode
2024-07-09 00:35:39,836 INFO o.s.d.r.c.RepositoryConfigurationDelegate [restartedMain] Bootstrapping Spring Data Redis repositories in DEFAULT mode.
2024-07-09 00:35:39,846 INFO o.s.d.r.c.RepositoryConfigurationExtensionSupport [restartedMain] Spring Data Redis - Could not safely identify store assignment for repository candidate interface vn.unigap.api.repository.EmployerRepository; If you want this repository to be a Redis repository, consider annotating your entities with one of these annotations: org.springframework.data.redis.core.RedisHash (preferred), or consider extending one of the following types with your repository: org.springframework.data.keyvalue.repository.KeyValueRepository
2024-07-09 00:35:39,846 INFO o.s.d.r.c.RepositoryConfigurationExtensionSupport [restartedMain] Spring Data Redis - Could not safely identify store assignment for repository candidate interface vn.unigap.api.repository.JobFieldRepository; If you want this repository to be a Redis repository, consider annotating your entities with one of these annotations: org.springframework.data.redis.core.RedisHash (preferred), or consider extending one of the following types with your repository: org.springframework.data.keyvalue.repository.KeyValueRepository
2024-07-09 00:35:39,847 INFO o.s.d.r.c.RepositoryConfigurationExtensionSupport [restartedMain] Spring Data Redis - Could not safely identify store assignment for repository candidate interface vn.unigap.api.repository.JobReposiroty; If you want this repository to be a Redis repository, consider annotating your entities with one of these annotations: org.springframework.data.redis.core.RedisHash (preferred), or consider extending one of the following types with your repository: org.springframework.data.keyvalue.repository.KeyValueRepository
2024-07-09 00:35:39,847 INFO o.s.d.r.c.RepositoryConfigurationExtensionSupport [restartedMain] Spring Data Redis - Could not safely identify store assignment for repository candidate interface vn.unigap.api.repository.ProvinceRepository; If you want this repository to be a Redis repository, consider annotating your entities with one of these annotations: org.springframework.data.redis.core.RedisHash (preferred), or consider extending one of the following types with your repository: org.springframework.data.keyvalue.repository.KeyValueRepository
2024-07-09 00:35:39,847 INFO o.s.d.r.c.RepositoryConfigurationExtensionSupport [restartedMain] Spring Data Redis - Could not safely identify store assignment for repository candidate interface vn.unigap.api.repository.ResumeRepository; If you want this repository to be a Redis repository, consider annotating your entities with one of these annotations: org.springframework.data.redis.core.RedisHash (preferred), or consider extending one of the following types with your repository: org.springframework.data.keyvalue.repository.KeyValueRepository
2024-07-09 00:35:39,847 INFO o.s.d.r.c.RepositoryConfigurationExtensionSupport [restartedMain] Spring Data Redis - Could not safely identify store assignment for repository candidate interface vn.unigap.api.repository.SeekerRepository; If you want this repository to be a Redis repository, consider annotating your entities with one of these annotations: org.springframework.data.redis.core.RedisHash (preferred), or consider extending one of the following types with your repository: org.springframework.data.keyvalue.repository.KeyValueRepository
2024-07-09 00:35:39,847 INFO o.s.d.r.c.RepositoryConfigurationExtensionSupport [restartedMain] Spring Data Redis - Could not safely identify store assignment for repository candidate interface vn.unigap.api.repository.UserRepository; If you want this repository to be a Redis repository, consider annotating your entities with one of these annotations: org.springframework.data.redis.core.RedisHash (preferred), or consider extending one of the following types with your repository: org.springframework.data.keyvalue.repository.KeyValueRepository
2024-07-09 00:35:39,848 INFO o.s.d.r.c.RepositoryConfigurationDelegate [restartedMain] Finished Spring Data repository scanning in 6 ms. Found 0 Redis repository interfaces.
2024-07-09 00:35:40,290 INFO o.s.b.w.e.t.TomcatWebServer [restartedMain] Tomcat initialized with port 8080 (http)
2024-07-09 00:35:40,300 INFO o.a.j.l.DirectJDKLog [restartedMain] Initializing ProtocolHandler ["http-nio-8080"]
2024-07-09 00:35:40,302 INFO o.a.j.l.DirectJDKLog [restartedMain] Starting service [Tomcat]
2024-07-09 00:35:40,302 INFO o.a.j.l.DirectJDKLog [restartedMain] Starting Servlet engine: [Apache Tomcat/10.1.20]
2024-07-09 00:35:40,338 INFO o.a.j.l.DirectJDKLog [restartedMain] Initializing Spring embedded WebApplicationContext
2024-07-09 00:35:40,339 INFO o.s.b.w.s.c.ServletWebServerApplicationContext [restartedMain] Root WebApplicationContext: initialization completed in 1150 ms
2024-07-09 00:35:40,733 INFO o.h.j.i.u.LogHelper [restartedMain] HHH000204: Processing PersistenceUnitInfo [name: default]
2024-07-09 00:35:40,779 INFO o.h.Version [restartedMain] HHH000412: Hibernate ORM core version 6.4.4.Final
2024-07-09 00:35:40,814 INFO o.h.c.i.RegionFactoryInitiator [restartedMain] HHH000026: Second-level cache disabled
2024-07-09 00:35:41,013 INFO o.s.o.j.p.SpringPersistenceUnitInfo [restartedMain] No LoadTimeWeaver setup: ignoring JPA class transformer
2024-07-09 00:35:41,031 INFO c.z.h.HikariDataSource [restartedMain] HikariPool-1 - Starting...
2024-07-09 00:35:41,145 INFO c.z.h.p.HikariPool [restartedMain] HikariPool-1 - Added connection com.mysql.cj.jdbc.ConnectionImpl@a4492d7
2024-07-09 00:35:41,147 INFO c.z.h.HikariDataSource [restartedMain] HikariPool-1 - Start completed.
2024-07-09 00:35:41,183 WARN o.h.e.j.d.i.DialectFactoryImpl [restartedMain] HHH90000025: MySQL8Dialect does not need to be specified explicitly using 'hibernate.dialect' (remove the property setting and it will be selected by default)
2024-07-09 00:35:41,185 WARN o.h.e.j.d.i.DialectFactoryImpl [restartedMain] HHH90000026: MySQL8Dialect has been deprecated; use org.hibernate.dialect.MySQLDialect instead
2024-07-09 00:35:41,909 INFO o.h.e.t.j.p.i.JtaPlatformInitiator [restartedMain] HHH000489: No JTA platform available (set 'hibernate.transaction.jta.platform' to enable JTA platform integration)
2024-07-09 00:35:41,911 INFO o.s.o.j.AbstractEntityManagerFactoryBean [restartedMain] Initialized JPA EntityManagerFactory for persistence unit 'default'
2024-07-09 00:35:42,392 WARN o.s.b.a.o.j.JpaBaseConfiguration$JpaWebConfiguration [restartedMain] spring.jpa.open-in-view is enabled by default. Therefore, database queries may be performed during view rendering. Explicitly configure spring.jpa.open-in-view to disable this warning
2024-07-09 00:35:42,599 INFO o.s.s.w.DefaultSecurityFilterChain [restartedMain] Will secure any request with [org.springframework.security.web.session.DisableEncodeUrlFilter@72ef47de, org.springframework.security.web.context.request.async.WebAsyncManagerIntegrationFilter@124950b4, org.springframework.security.web.context.SecurityContextHolderFilter@7b430e53, org.springframework.security.web.header.HeaderWriterFilter@79aa94cb, org.springframework.web.filter.CorsFilter@6b678007, org.springframework.security.web.authentication.logout.LogoutFilter@7f77a4aa, vn.unigap.api.security.JwtAuthorizationTokenFilter@4c82736, org.springframework.security.web.savedrequest.RequestCacheAwareFilter@7fc4c068, org.springframework.security.web.servletapi.SecurityContextHolderAwareRequestFilter@4de740cc, org.springframework.security.web.authentication.AnonymousAuthenticationFilter@56218a08, org.springframework.security.web.access.ExceptionTranslationFilter@4cf618db, org.springframework.security.web.access.intercept.AuthorizationFilter@8bd1f68]
2024-07-09 00:35:42,829 INFO o.s.b.d.a.OptionalLiveReloadServer [restartedMain] LiveReload server is running on port 35729
2024-07-09 00:35:42,847 INFO o.a.j.l.DirectJDKLog [restartedMain] Starting ProtocolHandler ["http-nio-8080"]
2024-07-09 00:35:42,856 INFO o.s.b.w.e.t.TomcatWebServer [restartedMain] Tomcat started on port 8080 (http) with context path ''
2024-07-09 00:35:42,864 INFO o.s.b.StartupInfoLogger [restartedMain] Started RecruitmentServiceApplication in 4.094 seconds (process running for 4.568)
2024-07-09 00:35:45,101 INFO o.a.j.l.DirectJDKLog [http-nio-8080-exec-2] Initializing Spring DispatcherServlet 'dispatcherServlet'
2024-07-09 00:35:45,101 INFO o.s.w.s.FrameworkServlet [http-nio-8080-exec-2] Initializing Servlet 'dispatcherServlet'
2024-07-09 00:35:45,102 INFO o.s.w.s.FrameworkServlet [http-nio-8080-exec-2] Completed initialization in 1 ms
2024-07-09 00:35:47,803 INFO v.u.a.s.JwtAuthorizationTokenFilter [http-nio-8080-exec-2] authorizated user 'admin@recruit.service.com', setting security context
2024-07-09 00:36:09,174 INFO o.s.o.j.AbstractEntityManagerFactoryBean [SpringApplicationShutdownHook] Closing JPA EntityManagerFactory for persistence unit 'default'
2024-07-09 00:36:09,177 INFO c.z.h.HikariDataSource [SpringApplicationShutdownHook] HikariPool-1 - Shutdown initiated...
2024-07-09 00:36:09,180 INFO c.z.h.HikariDataSource [SpringApplicationShutdownHook] HikariPool-1 - Shutdown completed.
2024-07-09 00:36:11,860 INFO o.h.v.i.u.Version [background-preinit] HV000001: Hibernate Validator 8.0.1.Final
2024-07-09 00:36:11,884 INFO o.s.b.StartupInfoLogger [restartedMain] Starting RecruitmentServiceApplication using Java 17.0.11 with PID 27789 (/home/lamgnaoh/Workspace/project/recruitment-service/target/classes started by lamgnaoh in /home/lamgnaoh/Workspace/project/recruitment-service)
2024-07-09 00:36:11,885 INFO o.s.b.SpringApplication [restartedMain] The following 1 profile is active: "dev"
2024-07-09 00:36:11,915 INFO o.s.b.l.DeferredLog [restartedMain] Devtools property defaults active! Set 'spring.devtools.add-properties' to 'false' to disable
2024-07-09 00:36:11,915 INFO o.s.b.l.DeferredLog [restartedMain] For additional web related logging consider setting the 'logging.level.web' property to 'DEBUG'
2024-07-09 00:36:12,451 INFO o.s.d.r.c.RepositoryConfigurationDelegate [restartedMain] Multiple Spring Data modules found, entering strict repository configuration mode
2024-07-09 00:36:12,452 INFO o.s.d.r.c.RepositoryConfigurationDelegate [restartedMain] Bootstrapping Spring Data JPA repositories in DEFAULT mode.
2024-07-09 00:36:12,546 INFO o.s.d.r.c.RepositoryConfigurationDelegate [restartedMain] Finished Spring Data repository scanning in 89 ms. Found 7 JPA repository interfaces.
2024-07-09 00:36:12,556 INFO o.s.d.r.c.RepositoryConfigurationDelegate [restartedMain] Multiple Spring Data modules found, entering strict repository configuration mode
2024-07-09 00:36:12,557 INFO o.s.d.r.c.RepositoryConfigurationDelegate [restartedMain] Bootstrapping Spring Data Redis repositories in DEFAULT mode.
2024-07-09 00:36:12,568 INFO o.s.d.r.c.RepositoryConfigurationExtensionSupport [restartedMain] Spring Data Redis - Could not safely identify store assignment for repository candidate interface vn.unigap.api.repository.EmployerRepository; If you want this repository to be a Redis repository, consider annotating your entities with one of these annotations: org.springframework.data.redis.core.RedisHash (preferred), or consider extending one of the following types with your repository: org.springframework.data.keyvalue.repository.KeyValueRepository
2024-07-09 00:36:12,568 INFO o.s.d.r.c.RepositoryConfigurationExtensionSupport [restartedMain] Spring Data Redis - Could not safely identify store assignment for repository candidate interface vn.unigap.api.repository.JobFieldRepository; If you want this repository to be a Redis repository, consider annotating your entities with one of these annotations: org.springframework.data.redis.core.RedisHash (preferred), or consider extending one of the following types with your repository: org.springframework.data.keyvalue.repository.KeyValueRepository
2024-07-09 00:36:12,569 INFO o.s.d.r.c.RepositoryConfigurationExtensionSupport [restartedMain] Spring Data Redis - Could not safely identify store assignment for repository candidate interface vn.unigap.api.repository.JobReposiroty; If you want this repository to be a Redis repository, consider annotating your entities with one of these annotations: org.springframework.data.redis.core.RedisHash (preferred), or consider extending one of the following types with your repository: org.springframework.data.keyvalue.repository.KeyValueRepository
2024-07-09 00:36:12,569 INFO o.s.d.r.c.RepositoryConfigurationExtensionSupport [restartedMain] Spring Data Redis - Could not safely identify store assignment for repository candidate interface vn.unigap.api.repository.ProvinceRepository; If you want this repository to be a Redis repository, consider annotating your entities with one of these annotations: org.springframework.data.redis.core.RedisHash (preferred), or consider extending one of the following types with your repository: org.springframework.data.keyvalue.repository.KeyValueRepository
2024-07-09 00:36:12,569 INFO o.s.d.r.c.RepositoryConfigurationExtensionSupport [restartedMain] Spring Data Redis - Could not safely identify store assignment for repository candidate interface vn.unigap.api.repository.ResumeRepository; If you want this repository to be a Redis repository, consider annotating your entities with one of these annotations: org.springframework.data.redis.core.RedisHash (preferred), or consider extending one of the following types with your repository: org.springframework.data.keyvalue.repository.KeyValueRepository
2024-07-09 00:36:12,569 INFO o.s.d.r.c.RepositoryConfigurationExtensionSupport [restartedMain] Spring Data Redis - Could not safely identify store assignment for repository candidate interface vn.unigap.api.repository.SeekerRepository; If you want this repository to be a Redis repository, consider annotating your entities with one of these annotations: org.springframework.data.redis.core.RedisHash (preferred), or consider extending one of the following types with your repository: org.springframework.data.keyvalue.repository.KeyValueRepository
2024-07-09 00:36:12,569 INFO o.s.d.r.c.RepositoryConfigurationExtensionSupport [restartedMain] Spring Data Redis - Could not safely identify store assignment for repository candidate interface vn.unigap.api.repository.UserRepository; If you want this repository to be a Redis repository, consider annotating your entities with one of these annotations: org.springframework.data.redis.core.RedisHash (preferred), or consider extending one of the following types with your repository: org.springframework.data.keyvalue.repository.KeyValueRepository
2024-07-09 00:36:12,569 INFO o.s.d.r.c.RepositoryConfigurationDelegate [restartedMain] Finished Spring Data repository scanning in 7 ms. Found 0 Redis repository interfaces.
2024-07-09 00:36:13,004 INFO o.s.b.w.e.t.TomcatWebServer [restartedMain] Tomcat initialized with port 8080 (http)
2024-07-09 00:36:13,010 INFO o.a.j.l.DirectJDKLog [restartedMain] Initializing ProtocolHandler ["http-nio-8080"]
2024-07-09 00:36:13,012 INFO o.a.j.l.DirectJDKLog [restartedMain] Starting service [Tomcat]
2024-07-09 00:36:13,012 INFO o.a.j.l.DirectJDKLog [restartedMain] Starting Servlet engine: [Apache Tomcat/10.1.20]
2024-07-09 00:36:13,036 INFO o.a.j.l.DirectJDKLog [restartedMain] Initializing Spring embedded WebApplicationContext
2024-07-09 00:36:13,036 INFO o.s.b.w.s.c.ServletWebServerApplicationContext [restartedMain] Root WebApplicationContext: initialization completed in 1120 ms
2024-07-09 00:36:13,260 INFO o.h.j.i.u.LogHelper [restartedMain] HHH000204: Processing PersistenceUnitInfo [name: default]
2024-07-09 00:36:13,292 INFO o.h.Version [restartedMain] HHH000412: Hibernate ORM core version 6.4.4.Final
2024-07-09 00:36:13,312 INFO o.h.c.i.RegionFactoryInitiator [restartedMain] HHH000026: Second-level cache disabled
2024-07-09 00:36:13,434 INFO o.s.o.j.p.SpringPersistenceUnitInfo [restartedMain] No LoadTimeWeaver setup: ignoring JPA class transformer
2024-07-09 00:36:13,451 INFO c.z.h.HikariDataSource [restartedMain] HikariPool-1 - Starting...
2024-07-09 00:36:13,548 INFO c.z.h.p.HikariPool [restartedMain] HikariPool-1 - Added connection com.mysql.cj.jdbc.ConnectionImpl@4cacb701
2024-07-09 00:36:13,549 INFO c.z.h.HikariDataSource [restartedMain] HikariPool-1 - Start completed.
2024-07-09 00:36:13,575 WARN o.h.e.j.d.i.DialectFactoryImpl [restartedMain] HHH90000025: MySQL8Dialect does not need to be specified explicitly using 'hibernate.dialect' (remove the property setting and it will be selected by default)
2024-07-09 00:36:13,576 WARN o.h.e.j.d.i.DialectFactoryImpl [restartedMain] HHH90000026: MySQL8Dialect has been deprecated; use org.hibernate.dialect.MySQLDialect instead
2024-07-09 00:36:14,615 INFO o.h.e.t.j.p.i.JtaPlatformInitiator [restartedMain] HHH000489: No JTA platform available (set 'hibernate.transaction.jta.platform' to enable JTA platform integration)
2024-07-09 00:36:14,617 INFO o.s.o.j.AbstractEntityManagerFactoryBean [restartedMain] Initialized JPA EntityManagerFactory for persistence unit 'default'
2024-07-09 00:36:15,108 WARN o.s.b.a.o.j.JpaBaseConfiguration$JpaWebConfiguration [restartedMain] spring.jpa.open-in-view is enabled by default. Therefore, database queries may be performed during view rendering. Explicitly configure spring.jpa.open-in-view to disable this warning
2024-07-09 00:36:15,298 INFO o.s.s.w.DefaultSecurityFilterChain [restartedMain] Will secure any request with [org.springframework.security.web.session.DisableEncodeUrlFilter@4b9a8527, org.springframework.security.web.context.request.async.WebAsyncManagerIntegrationFilter@4d75747b, org.springframework.security.web.context.SecurityContextHolderFilter@50ec4bf4, org.springframework.security.web.header.HeaderWriterFilter@354c7f3b, org.springframework.web.filter.CorsFilter@51656934, org.springframework.security.web.authentication.logout.LogoutFilter@22fab9d8, vn.unigap.api.security.JwtAuthorizationTokenFilter@22b5a89f, org.springframework.security.web.savedrequest.RequestCacheAwareFilter@65f63d0d, org.springframework.security.web.servletapi.SecurityContextHolderAwareRequestFilter@7aa6f3e3, org.springframework.security.web.authentication.AnonymousAuthenticationFilter@2b119d8b, org.springframework.security.web.access.ExceptionTranslationFilter@2322798, org.springframework.security.web.access.intercept.AuthorizationFilter@256461be]
2024-07-09 00:36:15,517 INFO o.s.b.d.a.OptionalLiveReloadServer [restartedMain] LiveReload server is running on port 35729
2024-07-09 00:36:15,536 INFO o.a.j.l.DirectJDKLog [restartedMain] Starting ProtocolHandler ["http-nio-8080"]
2024-07-09 00:36:15,545 INFO o.s.b.w.e.t.TomcatWebServer [restartedMain] Tomcat started on port 8080 (http) with context path ''
2024-07-09 00:36:15,553 INFO o.s.b.StartupInfoLogger [restartedMain] Started RecruitmentServiceApplication in 4.017 seconds (process running for 4.552)
2024-07-09 00:36:17,612 INFO o.a.j.l.DirectJDKLog [http-nio-8080-exec-1] Initializing Spring DispatcherServlet 'dispatcherServlet'
2024-07-09 00:36:17,612 INFO o.s.w.s.FrameworkServlet [http-nio-8080-exec-1] Initializing Servlet 'dispatcherServlet'
2024-07-09 00:36:17,613 INFO o.s.w.s.FrameworkServlet [http-nio-8080-exec-1] Completed initialization in 1 ms
2024-07-09 00:36:22,180 INFO v.u.a.s.JwtAuthorizationTokenFilter [http-nio-8080-exec-1] authorizated user 'admin@recruit.service.com', setting security context
2024-07-09 00:36:34,137 INFO v.u.a.s.JwtAuthorizationTokenFilter [http-nio-8080-exec-3] authorizated user 'admin@recruit.service.com', setting security context
2024-07-09 00:36:54,627 INFO v.u.a.s.JwtAuthorizationTokenFilter [http-nio-8080-exec-4] authorizated user 'admin@recruit.service.com', setting security context
2024-07-09 00:42:51,602 WARN c.z.h.p.HikariPool$HouseKeeper [HikariPool-1 housekeeper] HikariPool-1 - Thread starvation or clock leap detected (housekeeper delta=5m57s850ms887µs591ns).
2024-07-09 00:42:51,721 ERROR v.u.a.s.JwtAuthenticationEntryPoint [http-nio-8080-exec-4] Unauthorized error: Full authentication is required to access this resource
2024-07-09 00:42:51,842 INFO o.s.o.j.AbstractEntityManagerFactoryBean [SpringApplicationShutdownHook] Closing JPA EntityManagerFactory for persistence unit 'default'
2024-07-09 00:42:51,845 INFO c.z.h.HikariDataSource [SpringApplicationShutdownHook] HikariPool-1 - Shutdown initiated...
2024-07-09 00:42:51,850 INFO c.z.h.HikariDataSource [SpringApplicationShutdownHook] HikariPool-1 - Shutdown completed.
2024-07-09 00:42:53,679 INFO o.h.v.i.u.Version [background-preinit] HV000001: Hibernate Validator 8.0.1.Final
2024-07-09 00:42:53,727 INFO o.s.b.StartupInfoLogger [restartedMain] Starting RecruitmentServiceApplication using Java 17.0.11 with PID 29487 (/home/lamgnaoh/Workspace/project/recruitment-service/target/classes started by lamgnaoh in /home/lamgnaoh/Workspace/project/recruitment-service)
2024-07-09 00:42:53,728 INFO o.s.b.SpringApplication [restartedMain] The following 1 profile is active: "dev"
2024-07-09 00:42:53,760 INFO o.s.b.l.DeferredLog [restartedMain] Devtools property defaults active! Set 'spring.devtools.add-properties' to 'false' to disable
2024-07-09 00:42:53,760 INFO o.s.b.l.DeferredLog [restartedMain] For additional web related logging consider setting the 'logging.level.web' property to 'DEBUG'
2024-07-09 00:42:54,392 INFO o.s.d.r.c.RepositoryConfigurationDelegate [restartedMain] Multiple Spring Data modules found, entering strict repository configuration mode
2024-07-09 00:42:54,393 INFO o.s.d.r.c.RepositoryConfigurationDelegate [restartedMain] Bootstrapping Spring Data JPA repositories in DEFAULT mode.
2024-07-09 00:42:54,514 INFO o.s.d.r.c.RepositoryConfigurationDelegate [restartedMain] Finished Spring Data repository scanning in 115 ms. Found 7 JPA repository interfaces.
2024-07-09 00:42:54,526 INFO o.s.d.r.c.RepositoryConfigurationDelegate [restartedMain] Multiple Spring Data modules found, entering strict repository configuration mode
2024-07-09 00:42:54,527 INFO o.s.d.r.c.RepositoryConfigurationDelegate [restartedMain] Bootstrapping Spring Data Redis repositories in DEFAULT mode.
2024-07-09 00:42:54,539 INFO o.s.d.r.c.RepositoryConfigurationExtensionSupport [restartedMain] Spring Data Redis - Could not safely identify store assignment for repository candidate interface vn.unigap.api.repository.EmployerRepository; If you want this repository to be a Redis repository, consider annotating your entities with one of these annotations: org.springframework.data.redis.core.RedisHash (preferred), or consider extending one of the following types with your repository: org.springframework.data.keyvalue.repository.KeyValueRepository
2024-07-09 00:42:54,540 INFO o.s.d.r.c.RepositoryConfigurationExtensionSupport [restartedMain] Spring Data Redis - Could not safely identify store assignment for repository candidate interface vn.unigap.api.repository.JobFieldRepository; If you want this repository to be a Redis repository, consider annotating your entities with one of these annotations: org.springframework.data.redis.core.RedisHash (preferred), or consider extending one of the following types with your repository: org.springframework.data.keyvalue.repository.KeyValueRepository
2024-07-09 00:42:54,540 INFO o.s.d.r.c.RepositoryConfigurationExtensionSupport [restartedMain] Spring Data Redis - Could not safely identify store assignment for repository candidate interface vn.unigap.api.repository.JobReposiroty; If you want this repository to be a Redis repository, consider annotating your entities with one of these annotations: org.springframework.data.redis.core.RedisHash (preferred), or consider extending one of the following types with your repository: org.springframework.data.keyvalue.repository.KeyValueRepository
2024-07-09 00:42:54,540 INFO o.s.d.r.c.RepositoryConfigurationExtensionSupport [restartedMain] Spring Data Redis - Could not safely identify store assignment for repository candidate interface vn.unigap.api.repository.ProvinceRepository; If you want this repository to be a Redis repository, consider annotating your entities with one of these annotations: org.springframework.data.redis.core.RedisHash (preferred), or consider extending one of the following types with your repository: org.springframework.data.keyvalue.repository.KeyValueRepository
2024-07-09 00:42:54,540 INFO o.s.d.r.c.RepositoryConfigurationExtensionSupport [restartedMain] Spring Data Redis - Could not safely identify store assignment for repository candidate interface vn.unigap.api.repository.ResumeRepository; If you want this repository to be a Redis repository, consider annotating your entities with one of these annotations: org.springframework.data.redis.core.RedisHash (preferred), or consider extending one of the following types with your repository: org.springframework.data.keyvalue.repository.KeyValueRepository
2024-07-09 00:42:54,541 INFO o.s.d.r.c.RepositoryConfigurationExtensionSupport [restartedMain] Spring Data Redis - Could not safely identify store assignment for repository candidate interface vn.unigap.api.repository.SeekerRepository; If you want this repository to be a Redis repository, consider annotating your entities with one of these annotations: org.springframework.data.redis.core.RedisHash (preferred), or consider extending one of the following types with your repository: org.springframework.data.keyvalue.repository.KeyValueRepository
2024-07-09 00:42:54,541 INFO o.s.d.r.c.RepositoryConfigurationExtensionSupport [restartedMain] Spring Data Redis - Could not safely identify store assignment for repository candidate interface vn.unigap.api.repository.UserRepository; If you want this repository to be a Redis repository, consider annotating your entities with one of these annotations: org.springframework.data.redis.core.RedisHash (preferred), or consider extending one of the following types with your repository: org.springframework.data.keyvalue.repository.KeyValueRepository
2024-07-09 00:42:54,541 INFO o.s.d.r.c.RepositoryConfigurationDelegate [restartedMain] Finished Spring Data repository scanning in 7 ms. Found 0 Redis repository interfaces.
2024-07-09 00:42:55,028 INFO o.s.b.w.e.t.TomcatWebServer [restartedMain] Tomcat initialized with port 8080 (http)
2024-07-09 00:42:55,034 INFO o.a.j.l.DirectJDKLog [restartedMain] Initializing ProtocolHandler ["http-nio-8080"]
2024-07-09 00:42:55,035 INFO o.a.j.l.DirectJDKLog [restartedMain] Starting service [Tomcat]
2024-07-09 00:42:55,036 INFO o.a.j.l.DirectJDKLog [restartedMain] Starting Servlet engine: [Apache Tomcat/10.1.20]
2024-07-09 00:42:55,060 INFO o.a.j.l.DirectJDKLog [restartedMain] Initializing Spring embedded WebApplicationContext
2024-07-09 00:42:55,060 INFO o.s.b.w.s.c.ServletWebServerApplicationContext [restartedMain] Root WebApplicationContext: initialization completed in 1299 ms
2024-07-09 00:42:55,324 INFO o.h.j.i.u.LogHelper [restartedMain] HHH000204: Processing PersistenceUnitInfo [name: default]
2024-07-09 00:42:55,364 INFO o.h.Version [restartedMain] HHH000412: Hibernate ORM core version 6.4.4.Final
2024-07-09 00:42:55,389 INFO o.h.c.i.RegionFactoryInitiator [restartedMain] HHH000026: Second-level cache disabled
2024-07-09 00:42:55,581 INFO o.s.o.j.p.SpringPersistenceUnitInfo [restartedMain] No LoadTimeWeaver setup: ignoring JPA class transformer
2024-07-09 00:42:55,613 INFO c.z.h.HikariDataSource [restartedMain] HikariPool-1 - Starting...
2024-07-09 00:42:55,762 INFO c.z.h.p.HikariPool [restartedMain] HikariPool-1 - Added connection com.mysql.cj.jdbc.ConnectionImpl@256c2382
2024-07-09 00:42:55,764 INFO c.z.h.HikariDataSource [restartedMain] HikariPool-1 - Start completed.
2024-07-09 00:42:55,815 WARN o.h.e.j.d.i.DialectFactoryImpl [restartedMain] HHH90000025: MySQL8Dialect does not need to be specified explicitly using 'hibernate.dialect' (remove the property setting and it will be selected by default)
2024-07-09 00:42:55,817 WARN o.h.e.j.d.i.DialectFactoryImpl [restartedMain] HHH90000026: MySQL8Dialect has been deprecated; use org.hibernate.dialect.MySQLDialect instead
2024-07-09 00:42:56,844 INFO o.h.e.t.j.p.i.JtaPlatformInitiator [restartedMain] HHH000489: No JTA platform available (set 'hibernate.transaction.jta.platform' to enable JTA platform integration)
2024-07-09 00:42:56,847 INFO o.s.o.j.AbstractEntityManagerFactoryBean [restartedMain] Initialized JPA EntityManagerFactory for persistence unit 'default'
2024-07-09 00:42:57,419 WARN o.s.b.a.o.j.JpaBaseConfiguration$JpaWebConfiguration [restartedMain] spring.jpa.open-in-view is enabled by default. Therefore, database queries may be performed during view rendering. Explicitly configure spring.jpa.open-in-view to disable this warning
2024-07-09 00:42:57,674 INFO o.s.s.w.DefaultSecurityFilterChain [restartedMain] Will secure any request with [org.springframework.security.web.session.DisableEncodeUrlFilter@3210df09, org.springframework.security.web.context.request.async.WebAsyncManagerIntegrationFilter@1e1f9f63, org.springframework.security.web.context.SecurityContextHolderFilter@e5a6a52, org.springframework.security.web.header.HeaderWriterFilter@3f1fcae0, org.springframework.web.filter.CorsFilter@7ad10974, org.springframework.security.web.authentication.logout.LogoutFilter@424d42ce, vn.unigap.api.security.JwtAuthorizationTokenFilter@67ca7089, org.springframework.security.web.savedrequest.RequestCacheAwareFilter@74d238e7, org.springframework.security.web.servletapi.SecurityContextHolderAwareRequestFilter@1a39d22, org.springframework.security.web.authentication.AnonymousAuthenticationFilter@4ca97f98, org.springframework.security.web.access.ExceptionTranslationFilter@41f65a5b, org.springframework.security.web.access.intercept.AuthorizationFilter@40cd8dcd]
2024-07-09 00:42:57,983 INFO o.s.b.d.a.OptionalLiveReloadServer [restartedMain] LiveReload server is running on port 35729
2024-07-09 00:42:58,001 INFO o.a.j.l.DirectJDKLog [restartedMain] Starting ProtocolHandler ["http-nio-8080"]
2024-07-09 00:42:58,010 INFO o.s.b.w.e.t.TomcatWebServer [restartedMain] Tomcat started on port 8080 (http) with context path ''
2024-07-09 00:42:58,019 INFO o.s.b.StartupInfoLogger [restartedMain] Started RecruitmentServiceApplication in 4.741 seconds (process running for 5.384)
2024-07-09 00:43:00,635 INFO o.a.j.l.DirectJDKLog [http-nio-8080-exec-2] Initializing Spring DispatcherServlet 'dispatcherServlet'
2024-07-09 00:43:00,636 INFO o.s.w.s.FrameworkServlet [http-nio-8080-exec-2] Initializing Servlet 'dispatcherServlet'
2024-07-09 00:43:00,637 INFO o.s.w.s.FrameworkServlet [http-nio-8080-exec-2] Completed initialization in 1 ms
2024-07-09 00:43:03,338 INFO v.u.a.s.JwtAuthorizationTokenFilter [http-nio-8080-exec-2] authorizated user 'admin@recruit.service.com', setting security context
2024-07-09 00:43:09,184 ERROR v.u.a.s.JwtAuthenticationEntryPoint [http-nio-8080-exec-2] Unauthorized error: Full authentication is required to access this resource
2024-07-09 00:43:52,426 INFO o.s.o.j.AbstractEntityManagerFactoryBean [SpringApplicationShutdownHook] Closing JPA EntityManagerFactory for persistence unit 'default'
2024-07-09 00:43:52,431 INFO c.z.h.HikariDataSource [SpringApplicationShutdownHook] HikariPool-1 - Shutdown initiated...
2024-07-09 00:43:52,437 INFO c.z.h.HikariDataSource [SpringApplicationShutdownHook] HikariPool-1 - Shutdown completed.
2024-07-09 00:44:04,656 INFO o.h.v.i.u.Version [background-preinit] HV000001: Hibernate Validator 8.0.1.Final
2024-07-09 00:44:04,682 INFO o.s.b.StartupInfoLogger [restartedMain] Starting RecruitmentServiceApplication using Java 17.0.11 with PID 29920 (/home/lamgnaoh/Workspace/project/recruitment-service/target/classes started by lamgnaoh in /home/lamgnaoh/Workspace/project/recruitment-service)
2024-07-09 00:44:04,683 INFO o.s.b.SpringApplication [restartedMain] The following 1 profile is active: "dev"
2024-07-09 00:44:04,714 INFO o.s.b.l.DeferredLog [restartedMain] Devtools property defaults active! Set 'spring.devtools.add-properties' to 'false' to disable
2024-07-09 00:44:04,714 INFO o.s.b.l.DeferredLog [restartedMain] For additional web related logging consider setting the 'logging.level.web' property to 'DEBUG'
2024-07-09 00:44:05,277 INFO o.s.d.r.c.RepositoryConfigurationDelegate [restartedMain] Multiple Spring Data modules found, entering strict repository configuration mode
2024-07-09 00:44:05,278 INFO o.s.d.r.c.RepositoryConfigurationDelegate [restartedMain] Bootstrapping Spring Data JPA repositories in DEFAULT mode.
2024-07-09 00:44:05,372 INFO o.s.d.r.c.RepositoryConfigurationDelegate [restartedMain] Finished Spring Data repository scanning in 90 ms. Found 7 JPA repository interfaces.
2024-07-09 00:44:05,383 INFO o.s.d.r.c.RepositoryConfigurationDelegate [restartedMain] Multiple Spring Data modules found, entering strict repository configuration mode
2024-07-09 00:44:05,384 INFO o.s.d.r.c.RepositoryConfigurationDelegate [restartedMain] Bootstrapping Spring Data Redis repositories in DEFAULT mode.
2024-07-09 00:44:05,394 INFO o.s.d.r.c.RepositoryConfigurationExtensionSupport [restartedMain] Spring Data Redis - Could not safely identify store assignment for repository candidate interface vn.unigap.api.repository.EmployerRepository; If you want this repository to be a Redis repository, consider annotating your entities with one of these annotations: org.springframework.data.redis.core.RedisHash (preferred), or consider extending one of the following types with your repository: org.springframework.data.keyvalue.repository.KeyValueRepository
2024-07-09 00:44:05,395 INFO o.s.d.r.c.RepositoryConfigurationExtensionSupport [restartedMain] Spring Data Redis - Could not safely identify store assignment for repository candidate interface vn.unigap.api.repository.JobFieldRepository; If you want this repository to be a Redis repository, consider annotating your entities with one of these annotations: org.springframework.data.redis.core.RedisHash (preferred), or consider extending one of the following types with your repository: org.springframework.data.keyvalue.repository.KeyValueRepository
2024-07-09 00:44:05,395 INFO o.s.d.r.c.RepositoryConfigurationExtensionSupport [restartedMain] Spring Data Redis - Could not safely identify store assignment for repository candidate interface vn.unigap.api.repository.JobReposiroty; If you want this repository to be a Redis repository, consider annotating your entities with one of these annotations: org.springframework.data.redis.core.RedisHash (preferred), or consider extending one of the following types with your repository: org.springframework.data.keyvalue.repository.KeyValueRepository
2024-07-09 00:44:05,395 INFO o.s.d.r.c.RepositoryConfigurationExtensionSupport [restartedMain] Spring Data Redis - Could not safely identify store assignment for repository candidate interface vn.unigap.api.repository.ProvinceRepository; If you want this repository to be a Redis repository, consider annotating your entities with one of these annotations: org.springframework.data.redis.core.RedisHash (preferred), or consider extending one of the following types with your repository: org.springframework.data.keyvalue.repository.KeyValueRepository
2024-07-09 00:44:05,395 INFO o.s.d.r.c.RepositoryConfigurationExtensionSupport [restartedMain] Spring Data Redis - Could not safely identify store assignment for repository candidate interface vn.unigap.api.repository.ResumeRepository; If you want this repository to be a Redis repository, consider annotating your entities with one of these annotations: org.springframework.data.redis.core.RedisHash (preferred), or consider extending one of the following types with your repository: org.springframework.data.keyvalue.repository.KeyValueRepository
2024-07-09 00:44:05,396 INFO o.s.d.r.c.RepositoryConfigurationExtensionSupport [restartedMain] Spring Data Redis - Could not safely identify store assignment for repository candidate interface vn.unigap.api.repository.SeekerRepository; If you want this repository to be a Redis repository, consider annotating your entities with one of these annotations: org.springframework.data.redis.core.RedisHash (preferred), or consider extending one of the following types with your repository: org.springframework.data.keyvalue.repository.KeyValueRepository
2024-07-09 00:44:05,396 INFO o.s.d.r.c.RepositoryConfigurationExtensionSupport [restartedMain] Spring Data Redis - Could not safely identify store assignment for repository candidate interface vn.unigap.api.repository.UserRepository; If you want this repository to be a Redis repository, consider annotating your entities with one of these annotations: org.springframework.data.redis.core.RedisHash (preferred), or consider extending one of the following types with your repository: org.springframework.data.keyvalue.repository.KeyValueRepository
2024-07-09 00:44:05,396 INFO o.s.d.r.c.RepositoryConfigurationDelegate [restartedMain] Finished Spring Data repository scanning in 7 ms. Found 0 Redis repository interfaces.
2024-07-09 00:44:05,870 INFO o.s.b.w.e.t.TomcatWebServer [restartedMain] Tomcat initialized with port 8080 (http)
2024-07-09 00:44:05,880 INFO o.a.j.l.DirectJDKLog [restartedMain] Initializing ProtocolHandler ["http-nio-8080"]
2024-07-09 00:44:05,882 INFO o.a.j.l.DirectJDKLog [restartedMain] Starting service [Tomcat]
2024-07-09 00:44:05,883 INFO o.a.j.l.DirectJDKLog [restartedMain] Starting Servlet engine: [Apache Tomcat/10.1.20]
2024-07-09 00:44:05,921 INFO o.a.j.l.DirectJDKLog [restartedMain] Initializing Spring embedded WebApplicationContext
2024-07-09 00:44:05,922 INFO o.s.b.w.s.c.ServletWebServerApplicationContext [restartedMain] Root WebApplicationContext: initialization completed in 1208 ms
2024-07-09 00:44:06,282 INFO o.h.j.i.u.LogHelper [restartedMain] HHH000204: Processing PersistenceUnitInfo [name: default]
2024-07-09 00:44:06,341 INFO o.h.Version [restartedMain] HHH000412: Hibernate ORM core version 6.4.4.Final
2024-07-09 00:44:06,389 INFO o.h.c.i.RegionFactoryInitiator [restartedMain] HHH000026: Second-level cache disabled
2024-07-09 00:44:06,577 INFO o.s.o.j.p.SpringPersistenceUnitInfo [restartedMain] No LoadTimeWeaver setup: ignoring JPA class transformer
2024-07-09 00:44:06,608 INFO c.z.h.HikariDataSource [restartedMain] HikariPool-1 - Starting...
2024-07-09 00:44:06,759 INFO c.z.h.p.HikariPool [restartedMain] HikariPool-1 - Added connection com.mysql.cj.jdbc.ConnectionImpl@4db0364a
2024-07-09 00:44:06,762 INFO c.z.h.HikariDataSource [restartedMain] HikariPool-1 - Start completed.
2024-07-09 00:44:06,793 WARN o.h.e.j.d.i.DialectFactoryImpl [restartedMain] HHH90000025: MySQL8Dialect does not need to be specified explicitly using 'hibernate.dialect' (remove the property setting and it will be selected by default)
2024-07-09 00:44:06,794 WARN o.h.e.j.d.i.DialectFactoryImpl [restartedMain] HHH90000026: MySQL8Dialect has been deprecated; use org.hibernate.dialect.MySQLDialect instead
2024-07-09 00:44:07,543 INFO o.h.e.t.j.p.i.JtaPlatformInitiator [restartedMain] HHH000489: No JTA platform available (set 'hibernate.transaction.jta.platform' to enable JTA platform integration)
2024-07-09 00:44:07,545 INFO o.s.o.j.AbstractEntityManagerFactoryBean [restartedMain] Initialized JPA EntityManagerFactory for persistence unit 'default'
2024-07-09 00:44:08,105 WARN o.s.b.a.o.j.JpaBaseConfiguration$JpaWebConfiguration [restartedMain] spring.jpa.open-in-view is enabled by default. Therefore, database queries may be performed during view rendering. Explicitly configure spring.jpa.open-in-view to disable this warning
2024-07-09 00:44:08,376 INFO o.s.s.w.DefaultSecurityFilterChain [restartedMain] Will secure any request with [org.springframework.security.web.session.DisableEncodeUrlFilter@37d4dcb1, org.springframework.security.web.context.request.async.WebAsyncManagerIntegrationFilter@22f4aa15, org.springframework.security.web.context.SecurityContextHolderFilter@59be3c59, org.springframework.security.web.header.HeaderWriterFilter@7949f64b, org.springframework.web.filter.CorsFilter@3ba313a, org.springframework.security.web.authentication.logout.LogoutFilter@69a1b21a, vn.unigap.api.security.JwtAuthorizationTokenFilter@225741e2, org.springframework.security.oauth2.server.resource.web.authentication.BearerTokenAuthenticationFilter@5eafe811, org.springframework.security.web.savedrequest.RequestCacheAwareFilter@2476be20, org.springframework.security.web.servletapi.SecurityContextHolderAwareRequestFilter@488f33ea, org.springframework.security.web.authentication.AnonymousAuthenticationFilter@3fe8f0cd, org.springframework.security.web.access.ExceptionTranslationFilter@484ee652, org.springframework.security.web.access.intercept.AuthorizationFilter@5e175f18]
2024-07-09 00:44:08,666 INFO o.s.b.d.a.OptionalLiveReloadServer [restartedMain] LiveReload server is running on port 35729
2024-07-09 00:44:08,683 INFO o.a.j.l.DirectJDKLog [restartedMain] Starting ProtocolHandler ["http-nio-8080"]
2024-07-09 00:44:08,696 INFO o.s.b.w.e.t.TomcatWebServer [restartedMain] Tomcat started on port 8080 (http) with context path ''
2024-07-09 00:44:08,704 INFO o.s.b.StartupInfoLogger [restartedMain] Started RecruitmentServiceApplication in 4.406 seconds (process running for 4.882)
2024-07-09 00:44:11,234 INFO o.a.j.l.DirectJDKLog [http-nio-8080-exec-2] Initializing Spring DispatcherServlet 'dispatcherServlet'
2024-07-09 00:44:11,235 INFO o.s.w.s.FrameworkServlet [http-nio-8080-exec-2] Initializing Servlet 'dispatcherServlet'
2024-07-09 00:44:11,236 INFO o.s.w.s.FrameworkServlet [http-nio-8080-exec-2] Completed initialization in 1 ms
2024-07-09 00:44:24,369 INFO v.u.a.s.JwtAuthorizationTokenFilter [http-nio-8080-exec-2] authorizated user 'admin@recruit.service.com', setting security context
2024-07-09 00:45:23,330 INFO o.s.b.d.a.LocalDevToolsAutoConfiguration$RestartingClassPathChangeChangedEventListener [File Watcher] Restarting due to 1 class path change (0 additions, 0 deletions, 1 modification)
2024-07-09 00:45:23,333 INFO o.a.j.l.DirectJDKLog [Thread-5] Stopping ProtocolHandler ["http-nio-8080"]
2024-07-09 00:45:23,448 INFO o.s.o.j.AbstractEntityManagerFactoryBean [Thread-5] Closing JPA EntityManagerFactory for persistence unit 'default'
2024-07-09 00:45:23,450 INFO c.z.h.HikariDataSource [Thread-5] HikariPool-1 - Shutdown initiated...
2024-07-09 00:45:23,453 INFO c.z.h.HikariDataSource [Thread-5] HikariPool-1 - Shutdown completed.
2024-07-09 00:45:23,533 INFO o.s.b.StartupInfoLogger [restartedMain] Starting RecruitmentServiceApplication using Java 17.0.11 with PID 29920 (/home/lamgnaoh/Workspace/project/recruitment-service/target/classes started by lamgnaoh in /home/lamgnaoh/Workspace/project/recruitment-service)
2024-07-09 00:45:23,533 INFO o.s.b.SpringApplication [restartedMain] The following 1 profile is active: "dev"
2024-07-09 00:45:23,657 INFO o.s.d.r.c.RepositoryConfigurationDelegate [restartedMain] Multiple Spring Data modules found, entering strict repository configuration mode
2024-07-09 00:45:23,657 INFO o.s.d.r.c.RepositoryConfigurationDelegate [restartedMain] Bootstrapping Spring Data JPA repositories in DEFAULT mode.
2024-07-09 00:45:23,670 INFO o.s.d.r.c.RepositoryConfigurationDelegate [restartedMain] Finished Spring Data repository scanning in 13 ms. Found 7 JPA repository interfaces.
2024-07-09 00:45:23,673 INFO o.s.d.r.c.RepositoryConfigurationDelegate [restartedMain] Multiple Spring Data modules found, entering strict repository configuration mode
2024-07-09 00:45:23,673 INFO o.s.d.r.c.RepositoryConfigurationDelegate [restartedMain] Bootstrapping Spring Data Redis repositories in DEFAULT mode.
2024-07-09 00:45:23,676 INFO o.s.d.r.c.RepositoryConfigurationExtensionSupport [restartedMain] Spring Data Redis - Could not safely identify store assignment for repository candidate interface vn.unigap.api.repository.EmployerRepository; If you want this repository to be a Redis repository, consider annotating your entities with one of these annotations: org.springframework.data.redis.core.RedisHash (preferred), or consider extending one of the following types with your repository: org.springframework.data.keyvalue.repository.KeyValueRepository
2024-07-09 00:45:23,676 INFO o.s.d.r.c.RepositoryConfigurationExtensionSupport [restartedMain] Spring Data Redis - Could not safely identify store assignment for repository candidate interface vn.unigap.api.repository.JobFieldRepository; If you want this repository to be a Redis repository, consider annotating your entities with one of these annotations: org.springframework.data.redis.core.RedisHash (preferred), or consider extending one of the following types with your repository: org.springframework.data.keyvalue.repository.KeyValueRepository
2024-07-09 00:45:23,676 INFO o.s.d.r.c.RepositoryConfigurationExtensionSupport [restartedMain] Spring Data Redis - Could not safely identify store assignment for repository candidate interface vn.unigap.api.repository.JobReposiroty; If you want this repository to be a Redis repository, consider annotating your entities with one of these annotations: org.springframework.data.redis.core.RedisHash (preferred), or consider extending one of the following types with your repository: org.springframework.data.keyvalue.repository.KeyValueRepository
2024-07-09 00:45:23,676 INFO o.s.d.r.c.RepositoryConfigurationExtensionSupport [restartedMain] Spring Data Redis - Could not safely identify store assignment for repository candidate interface vn.unigap.api.repository.ProvinceRepository; If you want this repository to be a Redis repository, consider annotating your entities with one of these annotations: org.springframework.data.redis.core.RedisHash (preferred), or consider extending one of the following types with your repository: org.springframework.data.keyvalue.repository.KeyValueRepository
2024-07-09 00:45:23,676 INFO o.s.d.r.c.RepositoryConfigurationExtensionSupport [restartedMain] Spring Data Redis - Could not safely identify store assignment for repository candidate interface vn.unigap.api.repository.ResumeRepository; If you want this repository to be a Redis repository, consider annotating your entities with one of these annotations: org.springframework.data.redis.core.RedisHash (preferred), or consider extending one of the following types with your repository: org.springframework.data.keyvalue.repository.KeyValueRepository
2024-07-09 00:45:23,676 INFO o.s.d.r.c.RepositoryConfigurationExtensionSupport [restartedMain] Spring Data Redis - Could not safely identify store assignment for repository candidate interface vn.unigap.api.repository.SeekerRepository; If you want this repository to be a Redis repository, consider annotating your entities with one of these annotations: org.springframework.data.redis.core.RedisHash (preferred), or consider extending one of the following types with your repository: org.springframework.data.keyvalue.repository.KeyValueRepository
2024-07-09 00:45:23,676 INFO o.s.d.r.c.RepositoryConfigurationExtensionSupport [restartedMain] Spring Data Redis - Could not safely identify store assignment for repository candidate interface vn.unigap.api.repository.UserRepository; If you want this repository to be a Redis repository, consider annotating your entities with one of these annotations: org.springframework.data.redis.core.RedisHash (preferred), or consider extending one of the following types with your repository: org.springframework.data.keyvalue.repository.KeyValueRepository
2024-07-09 00:45:23,676 INFO o.s.d.r.c.RepositoryConfigurationDelegate [restartedMain] Finished Spring Data repository scanning in 2 ms. Found 0 Redis repository interfaces.
2024-07-09 00:45:23,785 INFO o.s.b.w.e.t.TomcatWebServer [restartedMain] Tomcat initialized with port 8080 (http)
2024-07-09 00:45:23,786 INFO o.a.j.l.DirectJDKLog [restartedMain] Initializing ProtocolHandler ["http-nio-8080"]
2024-07-09 00:45:23,787 INFO o.a.j.l.DirectJDKLog [restartedMain] Starting service [Tomcat]
2024-07-09 00:45:23,787 INFO o.a.j.l.DirectJDKLog [restartedMain] Starting Servlet engine: [Apache Tomcat/10.1.20]
2024-07-09 00:45:23,794 INFO o.a.j.l.DirectJDKLog [restartedMain] Initializing Spring embedded WebApplicationContext
2024-07-09 00:45:23,794 INFO o.s.b.w.s.c.ServletWebServerApplicationContext [restartedMain] Root WebApplicationContext: initialization completed in 259 ms
2024-07-09 00:45:23,855 INFO o.h.j.i.u.LogHelper [restartedMain] HHH000204: Processing PersistenceUnitInfo [name: default]
2024-07-09 00:45:23,857 INFO o.h.c.i.RegionFactoryInitiator [restartedMain] HHH000026: Second-level cache disabled
2024-07-09 00:45:23,859 INFO o.s.o.j.p.SpringPersistenceUnitInfo [restartedMain] No LoadTimeWeaver setup: ignoring JPA class transformer
2024-07-09 00:45:23,860 INFO c.z.h.HikariDataSource [restartedMain] HikariPool-2 - Starting...
2024-07-09 00:45:23,863 INFO c.z.h.p.HikariPool [restartedMain] HikariPool-2 - Added connection com.mysql.cj.jdbc.ConnectionImpl@1f2bd558
2024-07-09 00:45:23,863 INFO c.z.h.HikariDataSource [restartedMain] HikariPool-2 - Start completed.
2024-07-09 00:45:23,864 WARN o.h.e.j.d.i.DialectFactoryImpl [restartedMain] HHH90000025: MySQL8Dialect does not need to be specified explicitly using 'hibernate.dialect' (remove the property setting and it will be selected by default)
2024-07-09 00:45:23,864 WARN o.h.e.j.d.i.DialectFactoryImpl [restartedMain] HHH90000026: MySQL8Dialect has been deprecated; use org.hibernate.dialect.MySQLDialect instead
2024-07-09 00:45:23,987 INFO o.h.e.t.j.p.i.JtaPlatformInitiator [restartedMain] HHH000489: No JTA platform available (set 'hibernate.transaction.jta.platform' to enable JTA platform integration)
2024-07-09 00:45:23,988 INFO o.s.o.j.AbstractEntityManagerFactoryBean [restartedMain] Initialized JPA EntityManagerFactory for persistence unit 'default'
2024-07-09 00:45:24,270 WARN o.s.b.a.o.j.JpaBaseConfiguration$JpaWebConfiguration [restartedMain] spring.jpa.open-in-view is enabled by default. Therefore, database queries may be performed during view rendering. Explicitly configure spring.jpa.open-in-view to disable this warning
2024-07-09 00:45:24,385 INFO o.s.s.w.DefaultSecurityFilterChain [restartedMain] Will secure any request with [org.springframework.security.web.session.DisableEncodeUrlFilter@63ad4c08, org.springframework.security.web.context.request.async.WebAsyncManagerIntegrationFilter@50a86f1d, org.springframework.security.web.context.SecurityContextHolderFilter@2b204c84, org.springframework.security.web.header.HeaderWriterFilter@64731c4f, org.springframework.web.filter.CorsFilter@35fe1a78, org.springframework.security.web.authentication.logout.LogoutFilter@7db9c1e9, vn.unigap.api.security.JwtAuthorizationTokenFilter@54aa0673, org.springframework.security.web.savedrequest.RequestCacheAwareFilter@24c53466, org.springframework.security.web.servletapi.SecurityContextHolderAwareRequestFilter@28b913b7, org.springframework.security.web.authentication.AnonymousAuthenticationFilter@14208e80, org.springframework.security.web.access.ExceptionTranslationFilter@4ce8130a, org.springframework.security.web.access.intercept.AuthorizationFilter@10163d2a]
2024-07-09 00:45:24,529 INFO o.s.b.d.a.OptionalLiveReloadServer [restartedMain] LiveReload server is running on port 35729
2024-07-09 00:45:24,540 INFO o.a.j.l.DirectJDKLog [restartedMain] Starting ProtocolHandler ["http-nio-8080"]
2024-07-09 00:45:24,542 INFO o.s.b.w.e.t.TomcatWebServer [restartedMain] Tomcat started on port 8080 (http) with context path ''
2024-07-09 00:45:24,552 INFO o.s.b.StartupInfoLogger [restartedMain] Started RecruitmentServiceApplication in 1.041 seconds (process running for 80.73)
2024-07-09 00:45:24,556 INFO o.s.b.d.a.ConditionEvaluationDeltaLoggingListener [restartedMain] Condition evaluation unchanged
2024-07-09 00:45:53,087 INFO o.a.j.l.DirectJDKLog [http-nio-8080-exec-2] Initializing Spring DispatcherServlet 'dispatcherServlet'
2024-07-09 00:45:53,087 INFO o.s.w.s.FrameworkServlet [http-nio-8080-exec-2] Initializing Servlet 'dispatcherServlet'
2024-07-09 00:45:53,088 INFO o.s.w.s.FrameworkServlet [http-nio-8080-exec-2] Completed initialization in 1 ms
2024-07-09 00:45:57,347 INFO v.u.a.s.JwtAuthorizationTokenFilter [http-nio-8080-exec-2] authorizated user 'admin@recruit.service.com', setting security context
2024-07-09 00:46:20,572 INFO o.s.b.d.a.LocalDevToolsAutoConfiguration$RestartingClassPathChangeChangedEventListener [File Watcher] Restarting due to 1 class path change (0 additions, 0 deletions, 1 modification)
2024-07-09 00:46:20,573 INFO o.a.j.l.DirectJDKLog [Thread-7] Stopping ProtocolHandler ["http-nio-8080"]
2024-07-09 00:46:20,693 INFO o.s.o.j.AbstractEntityManagerFactoryBean [Thread-7] Closing JPA EntityManagerFactory for persistence unit 'default'
2024-07-09 00:46:20,695 INFO c.z.h.HikariDataSource [Thread-7] HikariPool-2 - Shutdown initiated...
2024-07-09 00:46:20,697 INFO c.z.h.HikariDataSource [Thread-7] HikariPool-2 - Shutdown completed.
2024-07-09 00:46:20,767 INFO o.s.b.StartupInfoLogger [restartedMain] Starting RecruitmentServiceApplication using Java 17.0.11 with PID 29920 (/home/lamgnaoh/Workspace/project/recruitment-service/target/classes started by lamgnaoh in /home/lamgnaoh/Workspace/project/recruitment-service)
2024-07-09 00:46:20,767 INFO o.s.b.SpringApplication [restartedMain] The following 1 profile is active: "dev"
2024-07-09 00:46:20,900 INFO o.s.d.r.c.RepositoryConfigurationDelegate [restartedMain] Multiple Spring Data modules found, entering strict repository configuration mode
2024-07-09 00:46:20,900 INFO o.s.d.r.c.RepositoryConfigurationDelegate [restartedMain] Bootstrapping Spring Data JPA repositories in DEFAULT mode.
2024-07-09 00:46:20,916 INFO o.s.d.r.c.RepositoryConfigurationDelegate [restartedMain] Finished Spring Data repository scanning in 15 ms. Found 7 JPA repository interfaces.
2024-07-09 00:46:20,920 INFO o.s.d.r.c.RepositoryConfigurationDelegate [restartedMain] Multiple Spring Data modules found, entering strict repository configuration mode
2024-07-09 00:46:20,920 INFO o.s.d.r.c.RepositoryConfigurationDelegate [restartedMain] Bootstrapping Spring Data Redis repositories in DEFAULT mode.
2024-07-09 00:46:20,922 INFO o.s.d.r.c.RepositoryConfigurationExtensionSupport [restartedMain] Spring Data Redis - Could not safely identify store assignment for repository candidate interface vn.unigap.api.repository.EmployerRepository; If you want this repository to be a Redis repository, consider annotating your entities with one of these annotations: org.springframework.data.redis.core.RedisHash (preferred), or consider extending one of the following types with your repository: org.springframework.data.keyvalue.repository.KeyValueRepository
2024-07-09 00:46:20,923 INFO o.s.d.r.c.RepositoryConfigurationExtensionSupport [restartedMain] Spring Data Redis - Could not safely identify store assignment for repository candidate interface vn.unigap.api.repository.JobFieldRepository; If you want this repository to be a Redis repository, consider annotating your entities with one of these annotations: org.springframework.data.redis.core.RedisHash (preferred), or consider extending one of the following types with your repository: org.springframework.data.keyvalue.repository.KeyValueRepository
2024-07-09 00:46:20,923 INFO o.s.d.r.c.RepositoryConfigurationExtensionSupport [restartedMain] Spring Data Redis - Could not safely identify store assignment for repository candidate interface vn.unigap.api.repository.JobReposiroty; If you want this repository to be a Redis repository, consider annotating your entities with one of these annotations: org.springframework.data.redis.core.RedisHash (preferred), or consider extending one of the following types with your repository: org.springframework.data.keyvalue.repository.KeyValueRepository
2024-07-09 00:46:20,923 INFO o.s.d.r.c.RepositoryConfigurationExtensionSupport [restartedMain] Spring Data Redis - Could not safely identify store assignment for repository candidate interface vn.unigap.api.repository.ProvinceRepository; If you want this repository to be a Redis repository, consider annotating your entities with one of these annotations: org.springframework.data.redis.core.RedisHash (preferred), or consider extending one of the following types with your repository: org.springframework.data.keyvalue.repository.KeyValueRepository
2024-07-09 00:46:20,923 INFO o.s.d.r.c.RepositoryConfigurationExtensionSupport [restartedMain] Spring Data Redis - Could not safely identify store assignment for repository candidate interface vn.unigap.api.repository.ResumeRepository; If you want this repository to be a Redis repository, consider annotating your entities with one of these annotations: org.springframework.data.redis.core.RedisHash (preferred), or consider extending one of the following types with your repository: org.springframework.data.keyvalue.repository.KeyValueRepository
2024-07-09 00:46:20,923 INFO o.s.d.r.c.RepositoryConfigurationExtensionSupport [restartedMain] Spring Data Redis - Could not safely identify store assignment for repository candidate interface vn.unigap.api.repository.SeekerRepository; If you want this repository to be a Redis repository, consider annotating your entities with one of these annotations: org.springframework.data.redis.core.RedisHash (preferred), or consider extending one of the following types with your repository: org.springframework.data.keyvalue.repository.KeyValueRepository
2024-07-09 00:46:20,923 INFO o.s.d.r.c.RepositoryConfigurationExtensionSupport [restartedMain] Spring Data Redis - Could not safely identify store assignment for repository candidate interface vn.unigap.api.repository.UserRepository; If you want this repository to be a Redis repository, consider annotating your entities with one of these annotations: org.springframework.data.redis.core.RedisHash (preferred), or consider extending one of the following types with your repository: org.springframework.data.keyvalue.repository.KeyValueRepository
2024-07-09 00:46:20,923 INFO o.s.d.r.c.RepositoryConfigurationDelegate [restartedMain] Finished Spring Data repository scanning in 3 ms. Found 0 Redis repository interfaces.
2024-07-09 00:46:21,032 INFO o.s.b.w.e.t.TomcatWebServer [restartedMain] Tomcat initialized with port 8080 (http)
2024-07-09 00:46:21,033 INFO o.a.j.l.DirectJDKLog [restartedMain] Initializing ProtocolHandler ["http-nio-8080"]
2024-07-09 00:46:21,033 INFO o.a.j.l.DirectJDKLog [restartedMain] Starting service [Tomcat]
2024-07-09 00:46:21,033 INFO o.a.j.l.DirectJDKLog [restartedMain] Starting Servlet engine: [Apache Tomcat/10.1.20]
2024-07-09 00:46:21,038 INFO o.a.j.l.DirectJDKLog [restartedMain] Initializing Spring embedded WebApplicationContext
2024-07-09 00:46:21,038 INFO o.s.b.w.s.c.ServletWebServerApplicationContext [restartedMain] Root WebApplicationContext: initialization completed in 269 ms
2024-07-09 00:46:21,094 INFO o.h.j.i.u.LogHelper [restartedMain] HHH000204: Processing PersistenceUnitInfo [name: default]
2024-07-09 00:46:21,095 INFO o.h.c.i.RegionFactoryInitiator [restartedMain] HHH000026: Second-level cache disabled
2024-07-09 00:46:21,098 INFO o.s.o.j.p.SpringPersistenceUnitInfo [restartedMain] No LoadTimeWeaver setup: ignoring JPA class transformer
2024-07-09 00:46:21,099 INFO c.z.h.HikariDataSource [restartedMain] HikariPool-3 - Starting...
2024-07-09 00:46:21,101 INFO c.z.h.p.HikariPool [restartedMain] HikariPool-3 - Added connection com.mysql.cj.jdbc.ConnectionImpl@4e592967
2024-07-09 00:46:21,102 INFO c.z.h.HikariDataSource [restartedMain] HikariPool-3 - Start completed.
2024-07-09 00:46:21,102 WARN o.h.e.j.d.i.DialectFactoryImpl [restartedMain] HHH90000025: MySQL8Dialect does not need to be specified explicitly using 'hibernate.dialect' (remove the property setting and it will be selected by default)
2024-07-09 00:46:21,103 WARN o.h.e.j.d.i.DialectFactoryImpl [restartedMain] HHH90000026: MySQL8Dialect has been deprecated; use org.hibernate.dialect.MySQLDialect instead
2024-07-09 00:46:21,224 INFO o.h.e.t.j.p.i.JtaPlatformInitiator [restartedMain] HHH000489: No JTA platform available (set 'hibernate.transaction.jta.platform' to enable JTA platform integration)
2024-07-09 00:46:21,224 INFO o.s.o.j.AbstractEntityManagerFactoryBean [restartedMain] Initialized JPA EntityManagerFactory for persistence unit 'default'
2024-07-09 00:46:21,446 WARN o.s.b.a.o.j.JpaBaseConfiguration$JpaWebConfiguration [restartedMain] spring.jpa.open-in-view is enabled by default. Therefore, database queries may be performed during view rendering. Explicitly configure spring.jpa.open-in-view to disable this warning
2024-07-09 00:46:21,562 INFO o.s.s.w.DefaultSecurityFilterChain [restartedMain] Will secure any request with [org.springframework.security.web.session.DisableEncodeUrlFilter@580c4c65, org.springframework.security.web.context.request.async.WebAsyncManagerIntegrationFilter@465503f7, org.springframework.security.web.context.SecurityContextHolderFilter@12695619, org.springframework.security.web.header.HeaderWriterFilter@7da95201, org.springframework.web.filter.CorsFilter@726793c3, org.springframework.security.web.authentication.logout.LogoutFilter@46db1380, vn.unigap.api.security.JwtAuthorizationTokenFilter@13b950f5, org.springframework.security.web.savedrequest.RequestCacheAwareFilter@bfa21da, org.springframework.security.web.servletapi.SecurityContextHolderAwareRequestFilter@29d431bd, org.springframework.security.web.authentication.AnonymousAuthenticationFilter@421f8858, org.springframework.security.web.access.ExceptionTranslationFilter@23a02595, org.springframework.security.web.access.intercept.AuthorizationFilter@14a49d9a]
2024-07-09 00:46:21,703 INFO o.s.b.d.a.OptionalLiveReloadServer [restartedMain] LiveReload server is running on port 35729
2024-07-09 00:46:21,712 INFO o.a.j.l.DirectJDKLog [restartedMain] Starting ProtocolHandler ["http-nio-8080"]
2024-07-09 00:46:21,713 INFO o.s.b.w.e.t.TomcatWebServer [restartedMain] Tomcat started on port 8080 (http) with context path ''
2024-07-09 00:46:21,717 INFO o.s.b.StartupInfoLogger [restartedMain] Started RecruitmentServiceApplication in 0.975 seconds (process running for 137.894)
2024-07-09 00:46:21,718 INFO o.s.b.d.a.ConditionEvaluationDeltaLoggingListener [restartedMain] Condition evaluation unchanged
2024-07-09 00:57:08,236 INFO o.s.o.j.AbstractEntityManagerFactoryBean [SpringApplicationShutdownHook] Closing JPA EntityManagerFactory for persistence unit 'default'
2024-07-09 00:57:08,247 INFO c.z.h.HikariDataSource [SpringApplicationShutdownHook] HikariPool-3 - Shutdown initiated...
2024-07-09 00:57:08,250 INFO c.z.h.HikariDataSource [SpringApplicationShutdownHook] HikariPool-3 - Shutdown completed.
